id,airport_ref,airport_ident,length_ft,width_ft,surface,lighted,closed,le_ident,le_latitude_deg,le_longitude_deg,le_elevation_ft,le_heading_degT,le_displaced_threshold_ft,he_ident,he_latitude_deg,he_longitude_deg,he_elevation_ft,he_heading_degT,he_displaced_threshold_ft
251184,7977,16A,2420,75,GRVL-G,1,0,18,60.90919876098633,-162.43899536132812,11,196,,36,60.902801513671875,-162.44200134277344,12,16,
251185,7977,16A,3000,300,WATER,0,0,NE,,,,,,SW,,,,,
246612,14173,7KA,3701,75,GRVL-E,1,0,13,60.876801,-146.695999,62,,,31,60.868,-146.686005,40,,
246613,14173,7KA,8000,4000,WATER,0,0,13W,,,,,,31W,,,,,
270804,15640,9A3,3401,60,GRVL-E,1,0,9,61.58039855957031,-159.22500610351562,244,106,,27,61.57780075073242,-159.20599365234375,205,286,
269407,35371,AF-0020,2480,60,GRV,0,0,07,,,,78,,25,,,,258,
594873,35380,AF-0024,1200,75,GVL,0,0,03,,,,,,21,,,,,
594880,35383,AF-0025,1950,100,GVL,0,0,18,,,,,,36,,,,,
599622,336537,AG-0001,6100,98,ASP,1,0,10,17.620546,-61.806995,20,,,28,17.621614,-61.789513,20,,
310189,301649,AGAF,1501,131,Coral grass,0,0,06,,,,,,24,,,,,
310190,302290,AGAR,2822,66,Coral,0,0,11,,,,,,29,,,,,
260231,35172,AGAT,2769,49,Crushed coral,0,0,13,,,12,,,31,,,17,,
