airport_id,ident,icao_code,name,latitude_deg,longitude_deg,status,type,country,elevation_ft,timezone,runways_count,runways,source_url,details_source,status_source,timezone_source
7977,16A,PPIT,Nunapitchuk Airport,60.905591,-162.440454,open,small_airport,United States,12,America/Nome,2,"[{""name"": ""18/36"", ""raw_name"": ""18-36"", ""length_ft"": 2420, ""width_ft"": 75, ""length_m"": 738, ""width_m"": 23, ""surface"": ""GRVL-G"", ""lighted"": true, ""closed"": false, ""low_end"": {""ident"": ""18"", ""latitude_deg"": 60.90919876098633, ""longitude_deg"": -162.43899536132812, ""elevation_ft"": 11, ""heading_deg"": 196.0}, ""high_end"": {""ident"": ""36"", ""latitude_deg"": 60.902801513671875, ""longitude_deg"": -162.44200134277344, ""elevation_ft"": 12, ""heading_deg"": 16.0}}, {""name"": ""NE/SW"", ""raw_name"": ""NE-SW"", ""length_ft"": 3000, ""width_ft"": 300, ""length_m"": 914, ""width_m"": 91, ""surface"": ""WATER"", ""lighted"": false, ""closed"": false, ""low_end"": {""ident"": ""NE"", ""latitude_deg"": null, ""longitude_deg"": null, ""elevation_ft"": null, ""heading_deg"": null}, ""high_end"": {""ident"": ""SW"", ""latitude_deg"": null, ""longitude_deg"": null, ""elevation_ft"": null, ""heading_deg"": null}}]",https://ourairports.com/airports/16A/,LOCAL_CSV,OurAirports facility type (closed versus active facility types),timezonefinder / IANA polygon lookup
14173,7KA,PAKA,Tatitlek Airport,60.871449,-146.690297,open,small_airport,United States,62,America/Anchorage,2,"[{""name"": ""13/31"", ""raw_name"": ""13-31"", ""length_ft"": 3701, ""width_ft"": 75, ""length_m"": 1128, ""width_m"": 23, ""surface"": ""GRVL-E"", ""lighted"": true, ""closed"": false, ""low_end"": {""ident"": ""13"", ""latitude_deg"": 60.876801, ""longitude_deg"": -146.695999, ""elevation_ft"": 62, ""heading_deg"": null}, ""high_end"": {""ident"": ""31"", ""latitude_deg"": 60.868, ""longitude_deg"": -146.686005, ""elevation_ft"": 40, ""heading_deg"": null}}, {""name"": ""13W/31W"", ""raw_name"": ""13W-31W"", ""length_ft"": 8000, ""width_ft"": 4000, ""length_m"": 2438, ""width_m"": 1219, ""surface"": ""WATER"", ""lighted"": false, ""closed"": false, ""low_end"": {""ident"": ""13W"", ""latitude_deg"": null, ""longitude_deg"": null, ""elevation_ft"": null, ""heading_deg"": null}, ""high_end"": {""ident"": ""31W"", ""latitude_deg"": null, ""longitude_deg"": null, ""elevation_ft"": null, ""heading_deg"": null}}]",https://ourairports.com/airports/7KA/,LOCAL_CSV,OurAirports facility type (closed versus active facility types),timezonefinder / IANA polygon lookup
15640,9A3,PACH,Chuathbaluk Airport,61.579102,-159.216003,open,small_airport,United States,244,America/Anchorage,1,"[{""name"": ""9/27"", ""raw_name"": ""9-27"", ""length_ft"": 3401, ""width_ft"": 60, ""length_m"": 1037, ""width_m"": 18, ""surface"": ""GRVL-E"", ""lighted"": true, ""closed"": false, ""low_end"": {""ident"": ""9"", ""latitude_deg"": 61.58039855957031, ""longitude_deg"": -159.22500610351562, ""elevation_ft"": 244, ""heading_deg"": 106.0}, ""high_end"": {""ident"": ""27"", ""latitude_deg"": 61.57780075073242, ""longitude_deg"": -159.20599365234375, ""elevation_ft"": 205, ""heading_deg"": 286.0}}]",https://ourairports.com/airports/9A3/,LOCAL_CSV,OurAirports facility type (closed versus active facility types),timezonefinder / IANA polygon lookup
324756,AAD,HCAD,Adado Airport,6.095802,46.6375,open,small_airport,Somalia,1001,Africa/Mogadishu,0,[],https://ourairports.com/airports/AAD/,LOCAL_CSV,OurAirports facility type (closed versus active facility types),timezonefinder / IANA polygon lookup
42257,AE-0001,OEBT,Batha Airport,24.214693,51.44989,open,small_airport,Saudi Arabia,257,Asia/Riyadh,0,[],https://ourairports.com/airports/AE-0001/,LOCAL_CSV,OurAirports facility type (closed versus active facility types),timezonefinder / IANA polygon lookup
340192,AE-0026,OMQF,Al Qaffay Airport,24.58956,51.727293,open,small_airport,United Arab Emirates,21,Asia/Dubai,0,[],https://ourairports.com/airports/AE-0026/,LOCAL_CSV,OurAirports facility type (closed versus active facility types),timezonefinder / IANA polygon lookup
348685,AE-0091,OMAY,Lower Yasat Island Airport,24.18884,51.99655,open,small_airport,United Arab Emirates,,Asia/Dubai,0,[],https://ourairports.com/airports/AE-0091/,LOCAL_CSV,OurAirports facility type (closed versus active facility types),timezonefinder / IANA polygon lookup
351840,AE-0128,OMLW,Liwa Air Base,23.65128,53.82444,open,small_airport,United Arab Emirates,422,Asia/Dubai,0,[],https://ourairports.com/airports/AE-0128/,LOCAL_CSV,OurAirports facility type (closed versus active facility types),timezonefinder / IANA polygon lookup
516263,AE-0221,OMNK,Sas Al Nakheel Air Base,24.44128,54.51696,open,medium_airport,United Arab Emirates,14,Asia/Dubai,0,[],https://ourairports.com/airports/AE-0221/,LOCAL_CSV,OurAirports facility type (closed versus active facility types),timezonefinder / IANA polygon lookup
300646,AEI,LEAG,Algeciras Heliport,36.12882,-5.441079,open,heliport,Spain,98,Europe/Madrid,0,[],https://ourairports.com/airports/AEI/,LOCAL_CSV,OurAirports facility type (closed versus active facility types),timezonefinder / IANA polygon lookup
35370,AF-0019,OATD,Toorghodi Heliport,35.222198,62.2906,open,heliport,Afghanistan,2600,Asia/Kabul,0,[],https://ourairports.com/airports/AF-0019/,LOCAL_CSV,OurAirports facility type (closed versus active facility types),timezonefinder / IANA polygon lookup
35371,AF-0020,OAAK,Andkhoy Airport,36.942659,65.206746,open,small_airport,Afghanistan,900,Asia/Kabul,1,"[{""name"": ""07/25"", ""raw_name"": ""07-25"", ""length_ft"": 2480, ""width_ft"": 60, ""length_m"": 756, ""width_m"": 18, ""surface"": ""GRV"", ""lighted"": false, ""closed"": false, ""low_end"": {""ident"": ""07"", ""latitude_deg"": null, ""longitude_deg"": null, ""elevation_ft"": null, ""heading_deg"": 78.0}, ""high_end"": {""ident"": ""25"", ""latitude_deg"": null, ""longitude_deg"": null, ""elevation_ft"": null, ""heading_deg"": 258.0}}]",https://ourairports.com/airports/AF-0020/,LOCAL_CSV,OurAirports facility type (closed versus active facility types),timezonefinder / IANA polygon lookup
35375,AF-0021,OALG,Logar Airport,33.9865,69.023102,open,small_airport,Afghanistan,6333,Asia/Kabul,0,[],https://ourairports.com/airports/AF-0021/,LOCAL_CSV,OurAirports facility type (closed versus active facility types),timezonefinder / IANA polygon lookup
35377,AF-0023,OAMK,Muqur Airport,32.879601,67.848602,open,small_airport,Afghanistan,6600,Asia/Kabul,0,[],https://ourairports.com/airports/AF-0023/,LOCAL_CSV,OurAirports facility type (closed versus active facility types),timezonefinder / IANA polygon lookup
35380,AF-0024,OAPJ,Panjab Airport,34.391726,67.020445,open,small_airport,Afghanistan,8800,Asia/Kabul,1,"[{""name"": ""03/21"", ""raw_name"": ""03-21"", ""length_ft"": 1200, ""width_ft"": 75, ""length_m"": 366, ""width_m"": 23, ""surface"": ""GVL"", ""lighted"": false, ""closed"": false, ""low_end"": {""ident"": ""03"", ""latitude_deg"": null, ""longitude_deg"": null, ""elevation_ft"": null, ""heading_deg"": null}, ""high_end"": {""ident"": ""21"", ""latitude_deg"": null, ""longitude_deg"": null, ""elevation_ft"": null, ""heading_deg"": null}}]",https://ourairports.com/airports/AF-0024/,LOCAL_CSV,OurAirports facility type (closed versus active facility types),timezonefinder / IANA polygon lookup
35383,AF-0025,OATW,Taywarah Airport,33.54309,64.42542,open,small_airport,Afghanistan,7370,Asia/Kabul,1,"[{""name"": ""18/36"", ""raw_name"": ""18-36"", ""length_ft"": 1950, ""width_ft"": 100, ""length_m"": 594, ""width_m"": 30, ""surface"": ""GVL"", ""lighted"": false, ""closed"": false, ""low_end"": {""ident"": ""18"", ""latitude_deg"": null, ""longitude_deg"": null, ""elevation_ft"": null, ""heading_deg"": null}, ""high_end"": {""ident"": ""36"", ""latitude_deg"": null, ""longitude_deg"": null, ""elevation_ft"": null, ""heading_deg"": null}}]",https://ourairports.com/airports/AF-0025/,LOCAL_CSV,OurAirports facility type (closed versus active facility types),timezonefinder / IANA polygon lookup
336537,AG-0001,TAPB,Burton-Nibbs International Airport,17.621194,-61.798347,open,medium_airport,Antigua and Barbuda,28,America/Antigua,1,"[{""name"": ""10/28"", ""raw_name"": ""10-28"", ""length_ft"": 6100, ""width_ft"": 98, ""length_m"": 1859, ""width_m"": 30, ""surface"": ""ASP"", ""lighted"": true, ""closed"": false, ""low_end"": {""ident"": ""10"", ""latitude_deg"": 17.620546, ""longitude_deg"": -61.806995, ""elevation_ft"": 20, ""heading_deg"": null}, ""high_end"": {""ident"": ""28"", ""latitude_deg"": 17.621614, ""longitude_deg"": -61.789513, ""elevation_ft"": 20, ""heading_deg"": null}}]",https://ourairports.com/airports/AG-0001/,LOCAL_CSV,OurAirports facility type (closed versus active facility types),timezonefinder / IANA polygon lookup
301649,AGAF,AGAF,Afutara Aerodrome,-9.191389,160.948611,open,small_airport,Solomon Islands,23,Pacific/Guadalcanal,1,"[{""name"": ""06/24"", ""raw_name"": ""06-24"", ""length_ft"": 1501, ""width_ft"": 131, ""length_m"": 458, ""width_m"": 40, ""surface"": ""Coral grass"", ""lighted"": false, ""closed"": false, ""low_end"": {""ident"": ""06"", ""latitude_deg"": null, ""longitude_deg"": null, ""elevation_ft"": null, ""heading_deg"": null}, ""high_end"": {""ident"": ""24"", ""latitude_deg"": null, ""longitude_deg"": null, ""elevation_ft"": null, ""heading_deg"": null}}]",https://ourairports.com/airports/AGAF/,HTML,OurAirports facility type (closed versus active facility types),timezonefinder / IANA polygon lookup
302290,AGAR,AGAR,Ulawa Airport,-9.86054358262,161.979546547,open,small_airport,Solomon Islands,40,Pacific/Guadalcanal,1,"[{""name"": ""11/29"", ""raw_name"": ""11-29"", ""length_ft"": 2822, ""width_ft"": 66, ""length_m"": 860, ""width_m"": 20, ""surface"": ""Coral"", ""lighted"": false, ""closed"": false, ""low_end"": {""ident"": ""11"", ""latitude_deg"": null, ""longitude_deg"": null, ""elevation_ft"": null, ""heading_deg"": null}, ""high_end"": {""ident"": ""29"", ""latitude_deg"": null, ""longitude_deg"": null, ""elevation_ft"": null, ""heading_deg"": null}}]",https://ourairports.com/airports/AGAR/,HTML,OurAirports facility type (closed versus active facility types),timezonefinder / IANA polygon lookup
35172,AGAT,AGAT,Uru Harbour Airport,-8.87333,161.011002,open,small_airport,Solomon Islands,,Pacific/Guadalcanal,1,"[{""name"": ""13/31"", ""raw_name"": ""13-31"", ""length_ft"": 2769, ""width_ft"": 49, ""length_m"": 844, ""width_m"": 15, ""surface"": ""Crushed coral"", ""lighted"": false, ""closed"": false, ""low_end"": {""ident"": ""13"", ""latitude_deg"": null, ""longitude_deg"": null, ""elevation_ft"": 12, ""heading_deg"": null}, ""high_end"": {""ident"": ""31"", ""latitude_deg"": null, ""longitude_deg"": null, ""elevation_ft"": 17, ""heading_deg"": null}}]",https://ourairports.com/airports/AGAT/,HTML,OurAirports facility type (closed versus active facility types),timezonefinder / IANA polygon lookup
