airport_id,ident,missing
348685,AE-0091,elevation_ft
35172,AGAT,elevation_ft
32570,AGBA,elevation_ft
31524,AGEV,elevation_ft
302291,AGGC,elevation_ft
31885,AGGI,elevation_ft
32174,AGGP,elevation_ft
30989,AGGS,elevation_ft
32211,AGRC,elevation_ft
35170,AGRM,elevation_ft
43851,AT-0078,runway_1.name; runway_1.length_ft; runway_1.surface
341498,AU-0177,elevation_ft
519961,AU-0627,runway_1.surface
600436,AU-0785,elevation_ft
604006,AU-0796,elevation_ft
44943,AZ-0003,elevation_ft
44945,AZ-0004,elevation_ft
44951,AZ-0010,elevation_ft
44955,AZ-0014,elevation_ft
44958,AZ-0017,elevation_ft
