Идентификатор замера,Дата парсинга,Тип замера,Статус замера,Сеть,Город,Идентификатор магазина,Адрес магазина,Идентификатор товара,Название,Раздел,Категория,Основание категории,Категория METRO,Ссылка категории,Обычная цена,Единица цены,Тип цены,Основание цены,Упаковка,Наличие,Ссылка на товар,Исходный текст цены,Цена за кг/л,Единица нормализованной цены,Масса/объём для пересчёта,Основание пересчёта
2026-10-05_21-24-47_048716,2026-10-05T13:09:12+03:00,Корзина 500,Завершён,METRO,Москва,metro_moscow_leningradskoe_71g,"Москва и область, Ленинградское ш., 71Г",89222,"Голяшка Мираторг говяжья без кости охлажденная, ~2кг",Мясо и птица,Говядина,название и продуктовый раздел магазина,"Мясо, птица",https://online.metro-cc.ru/category/myasnye,1029.01,/кг,торговый центр,цена в блоке торгового центра,~2кг,В наличии,https://online.metro-cc.ru/products/golyashka-govyazhya-bez-kosti-miratorg-89222,1 029.01 д /кг от 1 кг,1029.01,руб/кг,1.0,Источник уже указывает цену за кг/л; в корзине 1 кг/л
2026-10-05_21-24-47_048716,2026-10-05T13:09:12+03:00,Корзина 500,Завершён,METRO,Москва,metro_moscow_leningradskoe_71g,"Москва и область, Ленинградское ш., 71Г",219695,"Гуляш Мясо есть! из говядины охлажденный, 600г",Мясо и птица,Говядина,название и продуктовый раздел магазина,"Мясо, птица",https://online.metro-cc.ru/category/myasnye,699.01,/шт,торговый центр,цена в блоке торгового центра,600г,Наличие не подтверждено,https://online.metro-cc.ru/products/600g-gulyash-iz-govyadiny-myaso-est-ohl-vu,699.01 д /шт от 1 шт,1165.02,руб/кг,0.6,Пересчёт по указанной в названии массе/объёму
2026-10-05_21-24-47_048716,2026-10-05T13:09:12+03:00,Корзина 500,Завершён,METRO,Москва,metro_moscow_leningradskoe_71g,"Москва и область, Ленинградское ш., 71Г",219698,"Мякоть говяжьей лопаточной части Мясо есть! без кости охлажденная, 600г",Мясо и птица,Говядина,название и продуктовый раздел магазина,"Мясо, птица",https://online.metro-cc.ru/category/myasnye,799.0,/шт,торговый центр,цена в блоке торгового центра,600г,В наличии,https://online.metro-cc.ru/products/600g-myakot-lopatochnoy-chasti-myaso-est-bk-ohl-vu,799 д /шт от 1 шт,1331.67,руб/кг,0.6,Пересчёт по указанной в названии массе/объёму
2026-10-05_21-24-47_048716,2026-10-05T13:09:12+03:00,Корзина 500,Завершён,METRO,Москва,metro_moscow_leningradskoe_71g,"Москва и область, Ленинградское ш., 71Г",305581,"Шейка свиная Останкино нарезанная охлажденная, ~1.3кг",Мясо и птица,Свинина,название и продуктовый раздел магазина,"Мясо, птица",https://online.metro-cc.ru/category/myasnye,859.0,/кг,торговый центр,зачёркнутая цена в блоке торгового центра,~1.3кг,В наличии,https://online.metro-cc.ru/products/shejka-ostankino-narezannaya,689 д /кг 859 д /кг от 1 кг,859.0,руб/кг,1.0,Источник уже указывает цену за кг/л; в корзине 1 кг/л
2026-10-05_21-24-47_048716,2026-10-05T13:09:12+03:00,Корзина 500,Завершён,METRO,Москва,metro_moscow_leningradskoe_71g,"Москва и область, Ленинградское ш., 71Г",319147,"Грудинка говяжья Эколь на кости охлажденная, 400г",Мясо и птица,Говядина,название и продуктовый раздел магазина,"Мясо, птица",https://online.metro-cc.ru/category/myasnye,369.01,/шт,торговый центр,цена в блоке торгового центра,400г,В наличии,https://online.metro-cc.ru/products/400g-grudinka-govyazhya-ekol-nk-ohl,369.01 д /шт от 1 шт,922.52,руб/кг,0.4,Пересчёт по указанной в названии массе/объёму
2026-10-05_21-24-47_048716,2026-10-05T13:09:12+03:00,Корзина 500,Завершён,METRO,Москва,metro_moscow_leningradskoe_71g,"Москва и область, Ленинградское ш., 71Г",117017,"Колбаски Мираторг для гриля охлажденные, 400г",Мясо и птица,Колбасы и сосиски,название и продуктовый раздел магазина,"Мясо, птица",https://online.metro-cc.ru/category/myasnye,249.0,/шт,торговый центр,зачёркнутая цена в блоке торгового центра,400г,Наличие не подтверждено,https://online.metro-cc.ru/products/dlya-grilya-ohlazhdennye-miratorg-400g,236.01 д /шт 249 д /шт от 1 шт,622.5,руб/кг,0.4,Пересчёт по указанной в названии массе/объёму
2026-10-05_21-24-47_048716,2026-10-05T13:09:12+03:00,Корзина 500,Завершён,METRO,Москва,metro_moscow_leningradskoe_71g,"Москва и область, Ленинградское ш., 71Г",257228,"Купаты Останкино мясные для жарки и гриля охлажденные, 400г",Мясо и птица,Колбасы и сосиски,название и продуктовый раздел магазина,"Мясо, птица",https://online.metro-cc.ru/category/myasnye,269.01,/шт,торговый центр,зачёркнутая цена в блоке торгового центра,400г,В наличии,https://online.metro-cc.ru/products/400g-kupaty-myasnye-ostankino-dzharki-i-grilya-ohl,189 д /шт 269.01 д /шт от 1 шт,672.52,руб/кг,0.4,Пересчёт по указанной в названии массе/объёму
2026-10-05_21-24-47_048716,2026-10-05T13:09:12+03:00,Корзина 500,Завершён,METRO,Москва,metro_moscow_leningradskoe_71g,"Москва и область, Ленинградское ш., 71Г",234314,"Буженина из индейки Индилайт охлажденная, 800г",Мясо и птица,Ветчина и деликатесы,название и продуктовый раздел магазина,"Мясо, птица",https://online.metro-cc.ru/category/myasnye,679.0,/шт,торговый центр,зачёркнутая цена в блоке торгового центра,800г,В наличии,https://online.metro-cc.ru/products/buzhenina-iz-indeyki-indilayt-ohlazhdennaya-800g,645 д /шт 679 д /шт от 1 шт,848.75,руб/кг,0.8,Пересчёт по указанной в названии массе/объёму
2026-10-05_21-24-47_048716,2026-10-05T13:09:12+03:00,Корзина 500,Завершён,METRO,Москва,metro_moscow_leningradskoe_71g,"Москва и область, Ленинградское ш., 71Г",350518,"Купаты свино-говяжьи Останкино Ассорти охлажденные, ~1.28кг",Мясо и птица,Колбасы и сосиски,название и продуктовый раздел магазина,"Мясо, птица",https://online.metro-cc.ru/category/myasnye,709.01,/кг,торговый центр,зачёркнутая цена в блоке торгового центра,~1.28кг,В наличии,https://online.metro-cc.ru/products/kupaty-svino-govyazhi-ostankino-assorti-okhlazhdennyye-1-28kg,529 д /кг 709.01 д /кг от 1 кг,709.01,руб/кг,1.0,Источник уже указывает цену за кг/л; в корзине 1 кг/л
2026-10-05_21-24-47_048716,2026-10-05T13:09:12+03:00,Корзина 500,Завершён,METRO,Москва,metro_moscow_leningradskoe_71g,"Москва и область, Ленинградское ш., 71Г",633594,"Колбаски куриные Петруха По-Итальянски с горчицей и паприкой охлажденные, 600г",Мясо и птица,Колбасы и сосиски,название и продуктовый раздел магазина,"Мясо, птица",https://online.metro-cc.ru/category/myasnye,299.0,/шт,торговый центр,зачёркнутая цена в блоке торгового центра,600г,Наличие не подтверждено,https://online.metro-cc.ru/products/po-italyanski-610-g,285 д /шт 299 д /шт от 1 шт,498.33,руб/кг,0.6,Пересчёт по указанной в названии массе/объёму
2026-10-05_21-24-47_048716,2026-10-05T13:09:12+03:00,Корзина 500,Завершён,METRO,Москва,metro_moscow_leningradskoe_71g,"Москва и область, Ленинградское ш., 71Г",201202,"Вырезка из грудинки индейки Пава Пава охлажденная, 800г",Мясо и птица,Птица,название и продуктовый раздел магазина,"Мясо, птица",https://online.metro-cc.ru/category/myasnye,669.0,/шт,торговый центр,цена в блоке торгового центра,800г,В наличии,https://online.metro-cc.ru/products/800g-vyrezka-iz-file-grudki-indeyk-pava-pava-vu-ohl,669 д /шт от 1 шт,836.25,руб/кг,0.8,Пересчёт по указанной в названии массе/объёму
2026-10-05_21-24-47_048716,2026-10-05T13:09:12+03:00,Корзина 500,Завершён,METRO,Москва,metro_moscow_leningradskoe_71g,"Москва и область, Ленинградское ш., 71Г",33693,"Филе грудки большое цыпленка-бройлера Петелинка охлажденное, ~870г",Мясо и птица,Птица,категория магазина,"Мясо, птица",https://online.metro-cc.ru/category/myasnye,665.01,/кг,торговый центр,цена в блоке торгового центра,~870г,В наличии,https://online.metro-cc.ru/products/file-grudki-tsyplenka-broylera-petelinka-bolshoye-okhlazhdennoye-870g,665.01 д /кг от 1 кг,665.01,руб/кг,1.0,Источник уже указывает цену за кг/л; в корзине 1 кг/л
2026-10-05_21-24-47_048716,2026-10-05T13:09:12+03:00,Корзина 500,Завершён,METRO,Москва,metro_moscow_leningradskoe_71g,"Москва и область, Ленинградское ш., 71Г",282731,"Котлета из индейки Индилайт Халяль натуральная охлажденная, 400г",Мясо и птица,Птица,название и продуктовый раздел магазина,"Мясо, птица",https://online.metro-cc.ru/category/myasnye,359.0,/шт,торговый центр,цена в блоке торгового центра,400г,Наличие не подтверждено,https://online.metro-cc.ru/products/kotleta-iz-indeyki-indilayt-halyal-naturalnaya-ohlazhdennaya-400g,359 д /шт от 1 шт,897.5,руб/кг,0.4,Пересчёт по указанной в названии массе/объёму
2026-10-05_21-24-47_048716,2026-10-05T13:09:12+03:00,Корзина 500,Завершён,METRO,Москва,metro_moscow_leningradskoe_71g,"Москва и область, Ленинградское ш., 71Г",124348,"METRO Chef Филе бедра индейки охлажденное, ~2.8кг",Мясо и птица,Птица,название и продуктовый раздел магазина,"Мясо, птица",https://online.metro-cc.ru/category/myasnye,869.0,/кг,торговый центр,цена в блоке торгового центра,~2.8кг,В наличии,https://online.metro-cc.ru/products/file-bedra-metro-chef-ohl-v-u,869 д /кг от 1 кг,869.0,руб/кг,1.0,Источник уже указывает цену за кг/л; в корзине 1 кг/л
2026-10-05_21-24-47_048716,2026-10-05T13:09:12+03:00,Корзина 500,Завершён,METRO,Москва,metro_moscow_leningradskoe_71g,"Москва и область, Ленинградское ш., 71Г",124349,"METRO Chef Филе грудки индейки охлажденное, ~2.7кг",Мясо и птица,Птица,название и продуктовый раздел магазина,"Мясо, птица",https://online.metro-cc.ru/category/myasnye,959.0,/кг,торговый центр,цена в блоке торгового центра,~2.7кг,В наличии,https://online.metro-cc.ru/products/file-grudki-metro-chef-ohl-v-u,959 д /кг от 1 кг,959.0,руб/кг,1.0,Источник уже указывает цену за кг/л; в корзине 1 кг/л
2026-10-05_21-24-47_048716,2026-10-05T13:09:12+03:00,Корзина 500,Завершён,METRO,Москва,metro_moscow_leningradskoe_71g,"Москва и область, Ленинградское ш., 71Г",305594,"Фарш Останкино Домашний свино-говяжий охлажденный, 1кг",Мясо и птица,Фарш,название и продуктовый раздел магазина,"Мясо, птица",https://online.metro-cc.ru/category/myasnye,759.0,/шт,торговый центр,зачёркнутая цена в блоке торгового центра,1кг,В наличии,https://online.metro-cc.ru/products/farsh-ostankino-domashniy-svino-govyazhiy-okhlazhdenniy-1kg,489.01 д /шт 759 д /шт от 1 шт,759.0,руб/кг,1.0,Пересчёт по указанной в названии массе/объёму
2026-10-05_21-24-47_048716,2026-10-05T13:09:12+03:00,Корзина 500,Завершён,METRO,Москва,metro_moscow_leningradskoe_71g,"Москва и область, Ленинградское ш., 71Г",394994,"Фарш говяжий Самсон охлажденный, ~1.8кг",Мясо и птица,Фарш,название и продуктовый раздел магазина,"Мясо, птица",https://online.metro-cc.ru/category/myasnye,1199.0,/кг,торговый центр,зачёркнутая цена в блоке торгового центра,~1.8кг,В наличии,https://online.metro-cc.ru/products/farsh-govyazhiy-samson-okhlazhdennyy-1-8kg-394994,1 139 д /кг 1 199 д /кг от 1 кг,1199.0,руб/кг,1.0,Источник уже указывает цену за кг/л; в корзине 1 кг/л
2026-10-05_21-24-47_048716,2026-10-05T13:09:12+03:00,Корзина 500,Завершён,METRO,Москва,metro_moscow_leningradskoe_71g,"Москва и область, Ленинградское ш., 71Г",218086,"Фарш Мираторг говяжий плотность охлажденный 80%, 2кг",Мясо и птица,Фарш,название и продуктовый раздел магазина,"Мясо, птица",https://online.metro-cc.ru/category/myasnye,1929.0,/шт,торговый центр,цена в блоке торгового центра,2кг,Наличие не подтверждено,https://online.metro-cc.ru/products/farsh-miratorg-govyazhiy-plotnost-ohlazhdennyy-80-2kg,1 929 д /шт от 1 шт,964.5,руб/кг,2.0,Пересчёт по указанной в названии массе/объёму
2026-10-05_21-24-47_048716,2026-10-05T13:09:12+03:00,Корзина 500,Завершён,METRO,Москва,metro_moscow_leningradskoe_71g,"Москва и область, Ленинградское ш., 71Г",34299,"Фарш Черкизово Домашний охлажденный, 400г",Мясо и птица,Фарш,название и продуктовый раздел магазина,"Мясо, птица",https://online.metro-cc.ru/category/myasnye,279.0,/шт,торговый центр,цена в блоке торгового центра,400г,В наличии,https://online.metro-cc.ru/products/domashnij-cherkizovo-ohlazhdennyj-400g,279 д /шт от 1 шт,697.5,руб/кг,0.4,Пересчёт по указанной в названии массе/объёму
2026-10-05_21-24-47_048716,2026-10-05T13:09:12+03:00,Корзина 500,Завершён,METRO,Москва,metro_moscow_leningradskoe_71g,"Москва и область, Ленинградское ш., 71Г",232158,"Фарш из филе грудки индейки Пава Пава охлажденный, 450г",Мясо и птица,Фарш,название и продуктовый раздел магазина,"Мясо, птица",https://online.metro-cc.ru/category/myasnye,329.0,/шт,торговый центр,зачёркнутая цена в блоке торгового центра,450г,Наличие не подтверждено,https://online.metro-cc.ru/products/farsh-iz-file-grudki-indeyki-pava-pava-ohlazhdennyy-450g,312 д /шт 329 д /шт от 1 шт,731.11,руб/кг,0.45,Пересчёт по указанной в названии массе/объёму
