Дата наблюдения,Магазин,ID товара,Раздел,Группа,Товар,"Цена упаковки, руб",Масса/объём упаковки,Цена за кг/л,Единица,Статус,Источник
2026-10-05T21:15:42+03:00,"Москва и область, Ленинградское ш., 71Г",69291,Бакалея,Варенье и мёд,"Джем Махеевъ абрикосовый, 400г",219.0,0.4,547.5,руб/кг,Подтверждено,https://online.metro-cc.ru/products/dzhem-maheev-abrikosovyy-400g
2026-10-05T21:15:44+03:00,"Москва и область, Ленинградское ш., 71Г",232777,Бакалея,Консервы и соленья,"Капуста морская маринованная Русское море по-корейски, 200г",84.0,0.2,420.0,руб/кг,Подтверждено,https://online.metro-cc.ru/products/200g-kapusta-morskaya-marinov-russkoe-more-po-koreyski
2026-10-05T21:15:47+03:00,"Москва и область, Ленинградское ш., 71Г",82764,Бакалея,Крупы и бобовые,"Крупа манная Makfa, 450г",84.9,0.45,188.67,руб/кг,Подтверждено,https://online.metro-cc.ru/products/450g-krupa-makfa-mannaya
2026-10-05T21:15:50+03:00,"Москва и область, Ленинградское ш., 71Г",469190,Бакалея,Макароны,"Лапша быстрого приготовления Доширак Квисти Курица, 70г",30.9,0.07,441.43,руб/кг,Подтверждено,https://online.metro-cc.ru/products/lapsha-doshirak-kvisti-kurica-70g-5sht
2026-10-05T21:15:52+03:00,"Москва и область, Ленинградское ш., 71Г",584311,Бакалея,Мука и выпечка,"Разрыхлитель теста Dr.Bakers с ароматом ванили, 16г",49.9,0.016,3118.75,руб/кг,Подтверждено,https://online.metro-cc.ru/products/razryhlitel-testa-droetker-s-aromatom-vanili-16g
2026-10-05T21:15:55+03:00,"Москва и область, Ленинградское ш., 71Г",205305,Бакалея,Прочая бакалея,"METRO Chef Сахарная пудра, 300г",67.9,0.3,226.33,руб/кг,Подтверждено,https://online.metro-cc.ru/products/300g-pudra-saharnaya-metro-chef
2026-10-05T21:15:59+03:00,"Москва и область, Ленинградское ш., 71Г",327476,Бакалея,Растительное масло,"Масло подсолнечное Ideal рафинированное дезодорированное, 1л",184.0,1.0,184.0,руб/л,Подтверждено,https://online.metro-cc.ru/products/maslo-podsolnechnoye-ideal-rafinirovannoye-dezodorirovannoye-1l-327476
2026-10-05T21:16:02+03:00,"Москва и область, Ленинградское ш., 71Г",133197,Бакалея,Сахар и соль,"Сахар ванильный Dr.Bakers Professional, 500г",279.0,0.5,558.0,руб/кг,Подтверждено,https://online.metro-cc.ru/products/sahar-vanilnyy-droetker-professional-500g
2026-10-05T21:16:54+03:00,"Москва и область, Ленинградское ш., 71Г",289230,Бакалея,Соусы и специи,"Бульон Maggi Домашний с курицей, 75г",43.9,0.075,585.33,руб/кг,Подтверждено,https://online.metro-cc.ru/products/bulyon-maggi-domashniy-s-kuritsey-75g
2026-10-05T21:16:06+03:00,"Москва и область, Ленинградское ш., 71Г",125734,Готовая еда и полуфабрикаты,Готовая еда,"Каша Creative Kitchen рисовая, 250г",119.0,0.25,476.0,руб/кг,Подтверждено,https://online.metro-cc.ru/products/250g-kasha-risovaya-creative-kitchen
2026-10-05T21:16:09+03:00,"Москва и область, Ленинградское ш., 71Г",471213,Готовая еда и полуфабрикаты,Пельмени и вареники,"Пельмени Останкино замороженные, 500г",169.0,0.5,338.0,руб/кг,Подтверждено,https://online.metro-cc.ru/products/pelmeni-ostankino-zamorozhennyye-500g
2026-10-05T21:16:12+03:00,"Москва и область, Ленинградское ш., 71Г",146143,Готовая еда и полуфабрикаты,Пицца,"Основа для пиццы Pinsa Romana Фреска лунго охлажденная, 200г",199.0,0.2,995.0,руб/кг,Подтверждено,https://online.metro-cc.ru/products/osnova-dlya-pitstsy-pinsa-romana-freska-lungo-ohlazhdennaya-200g
2026-10-05T21:16:15+03:00,"Москва и область, Ленинградское ш., 71Г",289449,Готовая еда и полуфабрикаты,Полуфабрикаты,"Блинчики Останкино с мясом замороженные, 350г",149.01,0.35,425.74,руб/кг,Подтверждено,https://online.metro-cc.ru/products/blinchiki-ostankino-s-myasom-zamorozhennye-350g
2026-10-05T21:16:17+03:00,"Москва и область, Ленинградское ш., 71Г",211460,Замороженные продукты,Мороженое,"Мороженое сливочное Филевское Лакомка в шоколадной глазури, 90г",89.9,0.09,998.89,руб/кг,Подтверждено,https://online.metro-cc.ru/products/morozhenoye-filevskoye-lakomka-slivochnoye-vanilnoye-vo-vzbitoy-shokoladnoy-glazuri-90g
2026-10-05T21:20:27+03:00,"Москва и область, Ленинградское ш., 71Г",279914,Замороженные продукты,Прочая заморозка,"Fine Life Тесто слоеное дрожжевое замороженное, 500г",99.9,0.5,199.8,руб/кг,Подтверждено,https://online.metro-cc.ru/products/fine-life-testo-sloenoe-drozhzhevoe-zamorozhennoe-500g
2026-10-05T21:16:23+03:00,"Москва и область, Ленинградское ш., 71Г",225173,Молочные продукты и яйца,Йогурты и десерты,"Йогурт Актибио натуральный 3.5%, 130г",44.9,0.13,345.38,руб/кг,Подтверждено,https://online.metro-cc.ru/products/130g-yogurt-35-aktibio-naturalnyy-bzmzh
2026-10-05T21:16:26+03:00,"Москва и область, Ленинградское ш., 71Г",229632,Молочные продукты и яйца,Кисломолочные продукты,"Напиток кисломолочный Actimuno натуральный 1.5%, 95г",31.9,0.095,335.79,руб/кг,Подтверждено,https://online.metro-cc.ru/products/95g-fnapitok-16-actimuno-naturalnyy-bzmzh
2026-10-05T21:16:28+03:00,"Москва и область, Ленинградское ш., 71Г",71497,Молочные продукты и яйца,Молоко и сливки,"Молоко детское Тема ультрапастеризованное 3.2% с 8 месяцев, 200мл",44.9,0.2,224.5,руб/л,Подтверждено,https://online.metro-cc.ru/products/moloko-tema-detskoye-ultrapasterizovannoye-s-8-mesyatsev-3-2-200ml-71497
2026-10-05T21:16:31+03:00,"Москва и область, Ленинградское ш., 71Г",529647,Молочные продукты и яйца,Прочие молочные продукты,"Биолакт детский Тема без сахара 3.4% с 8 месяцев, 206г",48.91,0.206,237.43,руб/кг,Подтверждено,https://online.metro-cc.ru/products/tema-biolakt-bez-sahara-s-8-mesyacev-206g
2026-10-05T21:16:34+03:00,"Москва и область, Ленинградское ш., 71Г",204024,Молочные продукты и яйца,Сливочное масло,"Масло сливочное Простоквашино 72.5%, 180г",189.0,0.18,1050.0,руб/кг,Подтверждено,https://online.metro-cc.ru/products/maslo-slivochnoye-prostokvashino-72-5-180g
2026-10-05T21:16:37+03:00,"Москва и область, Ленинградское ш., 71Г",329809,Молочные продукты и яйца,Сыры,"Сыр Pretto Моцарелла в воде перлини 45%, 180г",99.9,0.18,555.0,руб/кг,Подтверждено,https://online.metro-cc.ru/products/180g-syr-motsarella-45-pretto-v-vode-perlini-bzmzh
2026-10-05T21:16:40+03:00,"Москва и область, Ленинградское ш., 71Г",217298,Молочные продукты и яйца,Творог,"Биотворог детский Тема Яблоко, персик и банан 4% с 6 месяцев, 95г",34.9,0.095,367.37,руб/кг,Подтверждено,https://online.metro-cc.ru/products/95g-biotvorog-4-tema-yablokopersikbanan-bzmzh
2026-10-05T21:16:42+03:00,"Москва и область, Ленинградское ш., 71Г",279249,Мясо и птица,Ветчина и деликатесы,"Карбонад Останкино варено-копченый нарезка, 150г",219.0,0.15,1460.0,руб/кг,Подтверждено,https://online.metro-cc.ru/products/karbonad-yubilejnyj-ostankino-narezka-150g
2026-10-05T21:16:45+03:00,"Москва и область, Ленинградское ш., 71Г",555424,Мясо и птица,Говядина,"Бургеры Мираторг из говядины охлажденные, 200г",205.0,0.2,1025.0,руб/кг,Подтверждено,https://online.metro-cc.ru/products/burgery-iz-govyadiny-miratorg-ohlazhdennye-200-g
2026-10-05T21:16:48+03:00,"Москва и область, Ленинградское ш., 71Г",252891,Мясо и птица,Колбасы и сосиски,"Колбаса Велком Римини-салями-сальчичон сырокопченый нарезка, 90г",189.0,0.09,2100.0,руб/кг,Подтверждено,https://online.metro-cc.ru/products/90g-kolbasa-riminisalyamisalchichon-velkom-sk-nar
2026-10-05T21:16:51+03:00,"Москва и область, Ленинградское ш., 71Г",147660,Мясо и птица,Прочее мясо,"Паштет из мяса птицы Хаме Деликатесный, 105г",99.9,0.105,951.43,руб/кг,Подтверждено,https://online.metro-cc.ru/products/pashtet-iz-myasa-ptitsy-hame-delikatesniy-105g
2026-10-05T21:20:29+03:00,"Москва и область, Ленинградское ш., 71Г",147661,Мясо и птица,Птица,"Паштет из индейки Хаме Деликатесный, 105г",99.9,0.105,951.43,руб/кг,Подтверждено,https://online.metro-cc.ru/products/pashtet-iz-indeyki-hame-delikatesnyy-105g-147661
2026-10-05T21:16:56+03:00,"Москва и область, Ленинградское ш., 71Г",270337,Мясо и птица,Свинина,"Фрикадельки Ближние горки из свинины охлажденные, 360г",179.0,0.36,497.22,руб/кг,Подтверждено,https://online.metro-cc.ru/products/360g-frikadelki-blizhnie-gorki-iz-svininy-ohl-lotok
2026-10-05T21:16:59+03:00,"Москва и область, Ленинградское ш., 71Г",314212,Мясо и птица,Субпродукты,"Желудки мышечные цыплят-бройлеров Петелинка охлажденные, 450г",179.0,0.45,397.78,руб/кг,Подтверждено,https://online.metro-cc.ru/products/zheludki-myshechnye-tsyplyat-broylerov-petelinka-ohlazhdennye-450g
2026-10-05T21:17:02+03:00,"Москва и область, Ленинградское ш., 71Г",669849,Мясо и птица,Фарш,"Фарш куриный Домоседка замороженный, 900г",169.0,0.9,187.78,руб/кг,Подтверждено,https://online.metro-cc.ru/products/farsh-kurinyy-domosedka-zamorozhennyy-900g
2026-10-05T21:20:32+03:00,"Москва и область, Ленинградское ш., 71Г",106144,Напитки,Безалкогольные альтернативы,"Пиво La Costa Fresca светлое безалкогольное, 0.33л",84.9,0.33,257.27,руб/л,Подтверждено,https://online.metro-cc.ru/products/033l-pivo-la-costa-fresca-ba-steklo-106144
2026-10-05T21:17:07+03:00,"Москва и область, Ленинградское ш., 71Г",464846,Напитки,Вода,"Вода Архыз Vita горная природная негазированная, 1.5л",64.9,1.5,43.27,руб/л,Подтверждено,https://online.metro-cc.ru/products/voda-arkhyz-vita-gornaya-prirodnaya-negazirovannaya-1-5l
2026-10-05T21:17:10+03:00,"Москва и область, Ленинградское ш., 71Г",206534,Напитки,Газировка и квас,"Напиток Chillout Bitter Tonic Грейпфрут сильногазированный, 900мл",115.0,0.9,127.78,руб/л,Подтверждено,https://online.metro-cc.ru/products/09l-gaz-nap-chillout-bitter-greypfrut-pet-206534
2026-10-05T21:17:14+03:00,"Москва и область, Ленинградское ш., 71Г",401799,Напитки,Кофе и какао,"Цикорий Целебник порошкообразный, 85г",129.0,0.085,1517.65,руб/кг,Подтверждено,https://online.metro-cc.ru/products/tsikoriy-tselebnik-poroshkoobraznyy-85g-401799
2026-10-05T21:17:16+03:00,"Москва и область, Ленинградское ш., 71Г",232990,Напитки,Растительные напитки,"Напиток растительный кокосовый Planto Barista с соей 1.3%, 1л",199.01,1.0,199.01,руб/л,Подтверждено,https://online.metro-cc.ru/products/1l-napitok-kokosovyy-13-planto-barista-s-soey
2026-10-05T21:17:19+03:00,"Москва и область, Ленинградское ш., 71Г",273955,Напитки,Смузи,"Смузи J7 киви, банан и манго, 300мл",99.9,0.3,333.0,руб/л,Подтверждено,https://online.metro-cc.ru/products/300ml-smuzi-j7-kivi-banan-mango
2026-10-05T21:17:22+03:00,"Москва и область, Ленинградское ш., 71Г",459118,Напитки,Соки и нектары,"Нектар Добрый апельсиновый с мякотью, 1л",169.0,1.0,169.0,руб/л,Подтверждено,https://online.metro-cc.ru/products/nektar-dobryy-apelsin-1l-459118
2026-10-05T21:17:25+03:00,"Москва и область, Ленинградское ш., 71Г",390674,Напитки,Чай,"Холодный чай черный Lipton со вкусом лимона, 500мл",121.9,0.5,243.8,руб/л,Подтверждено,https://online.metro-cc.ru/products/holodnyj-chaj-lipton-limon-05-l
2026-10-05T21:20:35+03:00,"Москва и область, Ленинградское ш., 71Г",218896,Напитки,Энергетики,"Энергетический напиток Volt Energy Голубика-гранат, 450мл",109.9,0.45,244.22,руб/л,Подтверждено,https://online.metro-cc.ru/products/045l-en-nap-volt-energy-golubikagranat-zhb-218896
2026-10-05T21:20:37+03:00,"Москва и область, Ленинградское ш., 71Г",120594,Овощи и фрукты,Грибы,"METRO Chef Грибы шампиньоны мини, 250г",99.9,0.25,399.6,руб/кг,Подтверждено,https://online.metro-cc.ru/products/shampinony-metro-chef-mini-250g
2026-10-05T21:17:34+03:00,"Москва и область, Ленинградское ш., 71Г",99055,Овощи и фрукты,Зелень,"METRO Chef Петрушка, 70г",69.91,0.07,998.71,руб/кг,Подтверждено,https://online.metro-cc.ru/products/petrushka-metro-chef-70g
2026-10-05T21:17:37+03:00,"Москва и область, Ленинградское ш., 71Г",481701,Овощи и фрукты,Овощи,Морковь мытая,59.9,1.0,59.9,руб/кг,Подтверждено,https://online.metro-cc.ru/products/morkov-mytaya-vesovaya-1-kg-481701
2026-10-05T21:17:39+03:00,"Москва и область, Ленинградское ш., 71Г",470370,Овощи и фрукты,Фрукты,Яблоки Роял Гала,139.0,1.0,139.0,руб/кг,Подтверждено,https://online.metro-cc.ru/products/yabloki-gala-470370
2026-10-05T21:17:42+03:00,"Москва и область, Ленинградское ш., 71Г",115659,Овощи и фрукты,Ягоды,"METRO Chef Клубника быстрозамороженная, 300г",138.99,0.3,463.3,руб/кг,Подтверждено,https://online.metro-cc.ru/products/klubnika-metro-chef-300g
2026-10-05T21:17:45+03:00,"Москва и область, Ленинградское ш., 71Г",639525,Рыба и морепродукты,Икра,"Икра черная Европром Царская имитированная, 220г",109.0,0.22,495.45,руб/кг,Подтверждено,https://online.metro-cc.ru/products/evroprom-osobaya-osetr-imitaciya-220g
2026-10-05T21:17:48+03:00,"Москва и область, Ленинградское ш., 71Г",222905,Рыба и морепродукты,Морепродукты,"Палочки крабовые Русское море снежный краб охлажденные, 150г",139.0,0.15,926.67,руб/кг,Подтверждено,https://online.metro-cc.ru/products/150g-palochki-krabovye-russkoe-more-snezhnyy-krab-ohl
2026-10-05T21:17:50+03:00,"Москва и область, Ленинградское ш., 71Г",117714,Рыба и морепродукты,Прочие рыбные продукты,"Риет Меридиан из тунца, 100г",159.01,0.1,1590.1,руб/кг,Подтверждено,https://online.metro-cc.ru/products/100g-riet-meridian-iz-tunca-eko
2026-10-05T21:17:53+03:00,"Москва и область, Ленинградское ш., 71Г",208252,Рыба и морепродукты,Рыба,"Тунец Пеликан Для салатов в собственном соку, 185г",189.0,0.185,1021.62,руб/кг,Подтверждено,https://online.metro-cc.ru/products/185g-tunets-v-sobstvennom-soku-pelikan-dlya-salatov
2026-10-05T21:17:56+03:00,"Москва и область, Ленинградское ш., 71Г",81133,Сладости и перекусы,Орехи и семечки,"METRO Chef Арахис в карамели, 150г",98.99,0.15,659.93,руб/кг,Подтверждено,https://online.metro-cc.ru/products/arahis-metro-chef-v-karameli-150-g-81133
2026-10-05T21:20:40+03:00,"Москва и область, Ленинградское ш., 71Г",456767,Сладости и перекусы,Печенье и вафли,"Сушки-мини Семейка Озби с солью, 150г",49.9,0.15,332.67,руб/кг,Подтверждено,https://online.metro-cc.ru/products/sushki-mini-semeyka-ozbi-s-solyu-150g-456767
2026-10-05T21:20:42+03:00,"Москва и область, Ленинградское ш., 71Г",120113,Сладости и перекусы,Прочие сладости и снеки,"Жевательная резинка Orbit Refreshers тропический микс, 16г",62.9,0.016,3931.25,руб/кг,Подтверждено,https://online.metro-cc.ru/products/orbit-tropik-refreshers16g-120113
2026-10-05T21:20:45+03:00,"Москва и область, Ленинградское ш., 71Г",367216,Сладости и перекусы,Снеки,"Чипсы Midori Нори в кунжутном масле, 5г",67.89,0.005,13578.0,руб/кг,Подтверждено,https://online.metro-cc.ru/products/chipsy-midori-nori-v-kunzhutnom-masle-5g-367216
2026-10-05T21:20:47+03:00,"Москва и область, Ленинградское ш., 71Г",287771,Сладости и перекусы,Шоколад и конфеты,"Мармелад жевательный Bon Pari Кислые червячки, 75г",94.9,0.075,1265.33,руб/кг,Подтверждено,https://online.metro-cc.ru/products/marmelad-zhevatelnyy-bon-pari-kislyye-chervyachki-75g-287771
2026-10-05T21:18:11+03:00,"Москва и область, Ленинградское ш., 71Г",293859,Хлеб и выпечка,Выпечка и торты,"Торт Коровка вафельный ассорти, 180г",149.0,0.18,827.78,руб/кг,Подтверждено,https://online.metro-cc.ru/products/tort-korovka-vafelnyy-assorti-180g
2026-10-05T21:20:50+03:00,"Москва и область, Ленинградское ш., 71Г",279912,Хлеб и выпечка,Прочая выпечка,"Fine Life Тесто слоеное бездрожжевое замороженное, 500г",99.9,0.5,199.8,руб/кг,Подтверждено,https://online.metro-cc.ru/products/fine-life-testo-sloenoe-bezdrozhzhevoe-zamorozhennoe-500g
2026-10-05T21:20:53+03:00,"Москва и область, Ленинградское ш., 71Г",669479,Хлеб и выпечка,Хлеб и лепёшки,"Хлебцы Wasa ржаные цельнозерновые, 205г",249.0,0.205,1214.63,руб/кг,Подтверждено,https://online.metro-cc.ru/products/hlebtsy-wasa-original-rzhanye-tselnozernovye-205g
