Партия,Голосов,Доля_собранных_действительных_голосов_%,Учтено_УИК
"Всероссийская политическая партия ""ЕДИНАЯ РОССИЯ""",32827710,58.7517,89132
КПРФ - политическая партия КОММУНИСТИЧЕСКАЯ ПАРТИЯ РОССИЙСКОЙ ФЕДЕРАЦИИ,8096565,14.4904,89132
Политическая партия ЛДПР – Либерально-демократическая партия России,5208509,9.3217,89132
"Политическая партия ""НОВЫЕ ЛЮДИ""",4267023,7.6367,89132
Социалистическая политическая партия СПРАВЕДЛИВАЯ РОССИЯ,2858397,5.1157,89132
ПАРТИЯ ПЕНСИОНЕРОВ,1062683,1.9019,89132
"Политическая партия ""Российская экологическая партия ""ЗЕЛЁНЫЕ""",541788,0.9696,89132
Политическая партия КОММУНИСТИЧЕСКАЯ ПАРТИЯ КОММУНИСТЫ РОССИИ,452118,0.8092,89132
"ВСЕРОССИЙСКАЯ ПОЛИТИЧЕСКАЯ ПАРТИЯ ""РОДИНА""",364263,0.6519,89132
"Политическая партия ""Партия прямой демократии""",196310,0.3513,89132
