Регион,Партия,Голосов,Доля_собранных_голосов_региона_%,Учтено_УИК
Алтайский край,"Всероссийская политическая партия ""ЕДИНАЯ РОССИЯ""",203961,38.8032,1675
Алтайский край,КПРФ - политическая партия КОММУНИСТИЧЕСКАЯ ПАРТИЯ РОССИЙСКОЙ ФЕДЕРАЦИИ,132608,25.2284,1675
Алтайский край,Политическая партия ЛДПР – Либерально-демократическая партия России,63041,11.9934,1675
Алтайский край,"Политическая партия ""НОВЫЕ ЛЮДИ""",45831,8.7193,1675
Алтайский край,Социалистическая политическая партия СПРАВЕДЛИВАЯ РОССИЯ,38257,7.2783,1675
Алтайский край,ПАРТИЯ ПЕНСИОНЕРОВ,22934,4.3632,1675
Алтайский край,Политическая партия КОММУНИСТИЧЕСКАЯ ПАРТИЯ КОММУНИСТЫ РОССИИ,9356,1.78,1675
Алтайский край,"ВСЕРОССИЙСКАЯ ПОЛИТИЧЕСКАЯ ПАРТИЯ ""РОДИНА""",4249,0.8084,1675
Алтайский край,"Политическая партия ""Российская экологическая партия ""ЗЕЛЁНЫЕ""",3883,0.7387,1675
Алтайский край,"Политическая партия ""Партия прямой демократии""",1509,0.2871,1675
Амурская область,"Всероссийская политическая партия ""ЕДИНАЯ РОССИЯ""",203635,61.3181,717
Амурская область,КПРФ - политическая партия КОММУНИСТИЧЕСКАЯ ПАРТИЯ РОССИЙСКОЙ ФЕДЕРАЦИИ,46147,13.8957,717
Амурская область,Политическая партия ЛДПР – Либерально-демократическая партия России,35432,10.6692,717
Амурская область,"Политическая партия ""НОВЫЕ ЛЮДИ""",19982,6.0169,717
Амурская область,Социалистическая политическая партия СПРАВЕДЛИВАЯ РОССИЯ,12168,3.664,717
Амурская область,ПАРТИЯ ПЕНСИОНЕРОВ,6228,1.8754,717
Амурская область,Политическая партия КОММУНИСТИЧЕСКАЯ ПАРТИЯ КОММУНИСТЫ РОССИИ,3541,1.0663,717
Амурская область,"Политическая партия ""Российская экологическая партия ""ЗЕЛЁНЫЕ""",2012,0.6058,717
Амурская область,"ВСЕРОССИЙСКАЯ ПОЛИТИЧЕСКАЯ ПАРТИЯ ""РОДИНА""",2010,0.6052,717
Амурская область,"Политическая партия ""Партия прямой демократии""",941,0.2834,717
Архангельская область,"Всероссийская политическая партия ""ЕДИНАЯ РОССИЯ""",94481,34.1125,767
Архангельская область,КПРФ - политическая партия КОММУНИСТИЧЕСКАЯ ПАРТИЯ РОССИЙСКОЙ ФЕДЕРАЦИИ,59711,21.5587,767
Архангельская область,Политическая партия ЛДПР – Либерально-демократическая партия России,43393,15.6671,767
Архангельская область,"Политическая партия ""НОВЫЕ ЛЮДИ""",29664,10.7102,767
Архангельская область,Социалистическая политическая партия СПРАВЕДЛИВАЯ РОССИЯ,22853,8.2511,767
Архангельская область,ПАРТИЯ ПЕНСИОНЕРОВ,16731,6.0407,767
Архангельская область,"Политическая партия ""Российская экологическая партия ""ЗЕЛЁНЫЕ""",3981,1.4373,767
Архангельская область,Политическая партия КОММУНИСТИЧЕСКАЯ ПАРТИЯ КОММУНИСТЫ РОССИИ,2866,1.0348,767
Архангельская область,"ВСЕРОССИЙСКАЯ ПОЛИТИЧЕСКАЯ ПАРТИЯ ""РОДИНА""",2503,0.9037,767
Архангельская область,"Политическая партия ""Партия прямой демократии""",786,0.2838,767
Астраханская область,"Всероссийская политическая партия ""ЕДИНАЯ РОССИЯ""",216125,54.4582,576
Астраханская область,Политическая партия ЛДПР – Либерально-демократическая партия России,52642,13.2645,576
Астраханская область,КПРФ - политическая партия КОММУНИСТИЧЕСКАЯ ПАРТИЯ РОССИЙСКОЙ ФЕДЕРАЦИИ,48244,12.1563,576
Астраханская область,"Политическая партия ""НОВЫЕ ЛЮДИ""",27812,7.0079,576
Астраханская область,Социалистическая политическая партия СПРАВЕДЛИВАЯ РОССИЯ,24063,6.0633,576
Астраханская область,ПАРТИЯ ПЕНСИОНЕРОВ,12703,3.2008,576
Астраханская область,"Политическая партия ""Российская экологическая партия ""ЗЕЛЁНЫЕ""",4348,1.0956,576
Астраханская область,"ВСЕРОССИЙСКАЯ ПОЛИТИЧЕСКАЯ ПАРТИЯ ""РОДИНА""",4193,1.0565,576
Астраханская область,Политическая партия КОММУНИСТИЧЕСКАЯ ПАРТИЯ КОММУНИСТЫ РОССИИ,4085,1.0293,576
Астраханская область,"Политическая партия ""Партия прямой демократии""",2649,0.6675,576
Белгородская область,"Всероссийская политическая партия ""ЕДИНАЯ РОССИЯ""",434573,62.1072,1247
Белгородская область,КПРФ - политическая партия КОММУНИСТИЧЕСКАЯ ПАРТИЯ РОССИЙСКОЙ ФЕДЕРАЦИИ,90482,12.9313,1247
Белгородская область,Политическая партия ЛДПР – Либерально-демократическая партия России,62608,8.9477,1247
Белгородская область,"Политическая партия ""НОВЫЕ ЛЮДИ""",37523,5.3626,1247
Белгородская область,Социалистическая политическая партия СПРАВЕДЛИВАЯ РОССИЯ,34282,4.8994,1247
Белгородская область,ПАРТИЯ ПЕНСИОНЕРОВ,19365,2.7676,1247
Белгородская область,Политическая партия КОММУНИСТИЧЕСКАЯ ПАРТИЯ КОММУНИСТЫ РОССИИ,6426,0.9184,1247
Белгородская область,"Политическая партия ""Российская экологическая партия ""ЗЕЛЁНЫЕ""",5636,0.8055,1247
Белгородская область,"ВСЕРОССИЙСКАЯ ПОЛИТИЧЕСКАЯ ПАРТИЯ ""РОДИНА""",5601,0.8005,1247
Белгородская область,"Политическая партия ""Партия прямой демократии""",3218,0.4599,1247
Брянская область,"Всероссийская политическая партия ""ЕДИНАЯ РОССИЯ""",494663,67.2907,1025
Брянская область,Политическая партия ЛДПР – Либерально-демократическая партия России,98379,13.3828,1025
Брянская область,КПРФ - политическая партия КОММУНИСТИЧЕСКАЯ ПАРТИЯ РОССИЙСКОЙ ФЕДЕРАЦИИ,78186,10.6359,1025
Брянская область,"Политическая партия ""НОВЫЕ ЛЮДИ""",26148,3.557,1025
Брянская область,Социалистическая политическая партия СПРАВЕДЛИВАЯ РОССИЯ,23446,3.1894,1025
Брянская область,ПАРТИЯ ПЕНСИОНЕРОВ,4527,0.6158,1025
Брянская область,Политическая партия КОММУНИСТИЧЕСКАЯ ПАРТИЯ КОММУНИСТЫ РОССИИ,2932,0.3988,1025
Брянская область,"ВСЕРОССИЙСКАЯ ПОЛИТИЧЕСКАЯ ПАРТИЯ ""РОДИНА""",2876,0.3912,1025
Брянская область,"Политическая партия ""Российская экологическая партия ""ЗЕЛЁНЫЕ""",2372,0.3227,1025
Брянская область,"Политическая партия ""Партия прямой демократии""",1585,0.2156,1025
Владимирская область,"Всероссийская политическая партия ""ЕДИНАЯ РОССИЯ""",216546,52.2831,943
Владимирская область,КПРФ - политическая партия КОММУНИСТИЧЕСКАЯ ПАРТИЯ РОССИЙСКОЙ ФЕДЕРАЦИИ,75517,18.2329,943
Владимирская область,Политическая партия ЛДПР – Либерально-демократическая партия России,44315,10.6995,943
Владимирская область,"Политическая партия ""НОВЫЕ ЛЮДИ""",34245,8.2681,943
Владимирская область,Социалистическая политическая партия СПРАВЕДЛИВАЯ РОССИЯ,17930,4.329,943
Владимирская область,ПАРТИЯ ПЕНСИОНЕРОВ,11754,2.8379,943
Владимирская область,"Политическая партия ""Российская экологическая партия ""ЗЕЛЁНЫЕ""",4803,1.1596,943
Владимирская область,"ВСЕРОССИЙСКАЯ ПОЛИТИЧЕСКАЯ ПАРТИЯ ""РОДИНА""",4043,0.9761,943
Владимирская область,Политическая партия КОММУНИСТИЧЕСКАЯ ПАРТИЯ КОММУНИСТЫ РОССИИ,3653,0.882,943
Владимирская область,"Политическая партия ""Партия прямой демократии""",1374,0.3317,943
Волгоградская область,"Всероссийская политическая партия ""ЕДИНАЯ РОССИЯ""",746311,63.0694,1402
Волгоградская область,КПРФ - политическая партия КОММУНИСТИЧЕСКАЯ ПАРТИЯ РОССИЙСКОЙ ФЕДЕРАЦИИ,155810,13.1672,1402
Волгоградская область,Политическая партия ЛДПР – Либерально-демократическая партия России,109814,9.2802,1402
Волгоградская область,Социалистическая политическая партия СПРАВЕДЛИВАЯ РОССИЯ,82192,6.9459,1402
Волгоградская область,"Политическая партия ""НОВЫЕ ЛЮДИ""",58102,4.9101,1402
Волгоградская область,ПАРТИЯ ПЕНСИОНЕРОВ,12974,1.0964,1402
Волгоградская область,"Политическая партия ""Российская экологическая партия ""ЗЕЛЁНЫЕ""",8732,0.7379,1402
Волгоградская область,Политическая партия КОММУНИСТИЧЕСКАЯ ПАРТИЯ КОММУНИСТЫ РОССИИ,4521,0.3821,1402
Волгоградская область,"ВСЕРОССИЙСКАЯ ПОЛИТИЧЕСКАЯ ПАРТИЯ ""РОДИНА""",3119,0.2636,1402
Волгоградская область,"Политическая партия ""Партия прямой демократии""",1743,0.1473,1402
Вологодская область,"Всероссийская политическая партия ""ЕДИНАЯ РОССИЯ""",118402,31.7263,909
Вологодская область,КПРФ - политическая партия КОММУНИСТИЧЕСКАЯ ПАРТИЯ РОССИЙСКОЙ ФЕДЕРАЦИИ,106512,28.5403,909
Вологодская область,Политическая партия ЛДПР – Либерально-демократическая партия России,53818,14.4208,909
Вологодская область,"Политическая партия ""НОВЫЕ ЛЮДИ""",38127,10.2163,909
Вологодская область,Социалистическая политическая партия СПРАВЕДЛИВАЯ РОССИЯ,22232,5.9572,909
Вологодская область,ПАРТИЯ ПЕНСИОНЕРОВ,21984,5.8907,909
Вологодская область,Политическая партия КОММУНИСТИЧЕСКАЯ ПАРТИЯ КОММУНИСТЫ РОССИИ,4448,1.1919,909
Вологодская область,"Политическая партия ""Российская экологическая партия ""ЗЕЛЁНЫЕ""",4100,1.0986,909
Вологодская область,"ВСЕРОССИЙСКАЯ ПОЛИТИЧЕСКАЯ ПАРТИЯ ""РОДИНА""",2611,0.6996,909
Вологодская область,"Политическая партия ""Партия прямой демократии""",964,0.2583,909
Воронежская область,"Всероссийская политическая партия ""ЕДИНАЯ РОССИЯ""",973801,72.8867,1698
Воронежская область,КПРФ - политическая партия КОММУНИСТИЧЕСКАЯ ПАРТИЯ РОССИЙСКОЙ ФЕДЕРАЦИИ,136035,10.1819,1698
Воронежская область,"Политическая партия ""НОВЫЕ ЛЮДИ""",79022,5.9146,1698
Воронежская область,Политическая партия ЛДПР – Либерально-демократическая партия России,66611,4.9857,1698
Воронежская область,Социалистическая политическая партия СПРАВЕДЛИВАЯ РОССИЯ,29313,2.194,1698
Воронежская область,ПАРТИЯ ПЕНСИОНЕРОВ,15527,1.1622,1698
Воронежская область,"ВСЕРОССИЙСКАЯ ПОЛИТИЧЕСКАЯ ПАРТИЯ ""РОДИНА""",12661,0.9476,1698
Воронежская область,"Политическая партия ""Российская экологическая партия ""ЗЕЛЁНЫЕ""",10016,0.7497,1698
Воронежская область,Политическая партия КОММУНИСТИЧЕСКАЯ ПАРТИЯ КОММУНИСТЫ РОССИИ,9112,0.682,1698
Воронежская область,"Политическая партия ""Партия прямой демократии""",3949,0.2956,1698
Город Байконур (Республика Казахстан),"Всероссийская политическая партия ""ЕДИНАЯ РОССИЯ""",2530,46.4561,7
Город Байконур (Республика Казахстан),КПРФ - политическая партия КОММУНИСТИЧЕСКАЯ ПАРТИЯ РОССИЙСКОЙ ФЕДЕРАЦИИ,949,17.4256,7
Город Байконур (Республика Казахстан),Политическая партия ЛДПР – Либерально-демократическая партия России,637,11.6967,7
Город Байконур (Республика Казахстан),"Политическая партия ""НОВЫЕ ЛЮДИ""",620,11.3845,7
Город Байконур (Республика Казахстан),ПАРТИЯ ПЕНСИОНЕРОВ,278,5.1047,7
Город Байконур (Республика Казахстан),Социалистическая политическая партия СПРАВЕДЛИВАЯ РОССИЯ,174,3.195,7
Город Байконур (Республика Казахстан),"Политическая партия ""Российская экологическая партия ""ЗЕЛЁНЫЕ""",85,1.5608,7
Город Байконур (Республика Казахстан),Политическая партия КОММУНИСТИЧЕСКАЯ ПАРТИЯ КОММУНИСТЫ РОССИИ,83,1.5241,7
Город Байконур (Республика Казахстан),"ВСЕРОССИЙСКАЯ ПОЛИТИЧЕСКАЯ ПАРТИЯ ""РОДИНА""",55,1.0099,7
Город Байконур (Республика Казахстан),"Политическая партия ""Партия прямой демократии""",35,0.6427,7
Еврейская автономная область,"Всероссийская политическая партия ""ЕДИНАЯ РОССИЯ""",34995,55.6404,163
Еврейская автономная область,КПРФ - политическая партия КОММУНИСТИЧЕСКАЯ ПАРТИЯ РОССИЙСКОЙ ФЕДЕРАЦИИ,9312,14.8056,163
Еврейская автономная область,Политическая партия ЛДПР – Либерально-демократическая партия России,6028,9.5842,163
Еврейская автономная область,"Политическая партия ""НОВЫЕ ЛЮДИ""",4179,6.6444,163
Еврейская автономная область,"Политическая партия ""Партия прямой демократии""",2986,4.7476,163
Еврейская автономная область,Социалистическая политическая партия СПРАВЕДЛИВАЯ РОССИЯ,2292,3.6442,163
Еврейская автономная область,ПАРТИЯ ПЕНСИОНЕРОВ,1091,1.7346,163
Еврейская автономная область,Политическая партия КОММУНИСТИЧЕСКАЯ ПАРТИЯ КОММУНИСТЫ РОССИИ,861,1.3689,163
Еврейская автономная область,"ВСЕРОССИЙСКАЯ ПОЛИТИЧЕСКАЯ ПАРТИЯ ""РОДИНА""",601,0.9556,163
Еврейская автономная область,"Политическая партия ""Российская экологическая партия ""ЗЕЛЁНЫЕ""",550,0.8745,163
Забайкальский край,"Всероссийская политическая партия ""ЕДИНАЯ РОССИЯ""",124009,41.4681,810
Забайкальский край,КПРФ - политическая партия КОММУНИСТИЧЕСКАЯ ПАРТИЯ РОССИЙСКОЙ ФЕДЕРАЦИИ,52379,17.5153,810
Забайкальский край,Политическая партия ЛДПР – Либерально-демократическая партия России,47032,15.7273,810
Забайкальский край,"Политическая партия ""НОВЫЕ ЛЮДИ""",25180,8.4201,810
Забайкальский край,Социалистическая политическая партия СПРАВЕДЛИВАЯ РОССИЯ,22749,7.6072,810
Забайкальский край,ПАРТИЯ ПЕНСИОНЕРОВ,11490,3.8422,810
Забайкальский край,"Политическая партия ""Российская экологическая партия ""ЗЕЛЁНЫЕ""",5158,1.7248,810
Забайкальский край,Политическая партия КОММУНИСТИЧЕСКАЯ ПАРТИЯ КОММУНИСТЫ РОССИИ,4995,1.6703,810
Забайкальский край,"Политическая партия ""Партия прямой демократии""",3359,1.1232,810
Забайкальский край,"ВСЕРОССИЙСКАЯ ПОЛИТИЧЕСКАЯ ПАРТИЯ ""РОДИНА""",2696,0.9015,810
Ивановская область,"Всероссийская политическая партия ""ЕДИНАЯ РОССИЯ""",241577,58.2938,706
Ивановская область,КПРФ - политическая партия КОММУНИСТИЧЕСКАЯ ПАРТИЯ РОССИЙСКОЙ ФЕДЕРАЦИИ,63834,15.4035,706
Ивановская область,Политическая партия ЛДПР – Либерально-демократическая партия России,41774,10.0803,706
Ивановская область,"Политическая партия ""НОВЫЕ ЛЮДИ""",25521,6.1583,706
Ивановская область,Социалистическая политическая партия СПРАВЕДЛИВАЯ РОССИЯ,18309,4.4181,706
Ивановская область,ПАРТИЯ ПЕНСИОНЕРОВ,8314,2.0062,706
Ивановская область,Политическая партия КОММУНИСТИЧЕСКАЯ ПАРТИЯ КОММУНИСТЫ РОССИИ,5112,1.2336,706
Ивановская область,"Политическая партия ""Российская экологическая партия ""ЗЕЛЁНЫЕ""",4133,0.9973,706
Ивановская область,"ВСЕРОССИЙСКАЯ ПОЛИТИЧЕСКАЯ ПАРТИЯ ""РОДИНА""",3933,0.9491,706
Ивановская область,"Политическая партия ""Партия прямой демократии""",1906,0.4599,706
Иркутская область,"Всероссийская политическая партия ""ЕДИНАЯ РОССИЯ""",251282,36.8419,1895
Иркутская область,КПРФ - политическая партия КОММУНИСТИЧЕСКАЯ ПАРТИЯ РОССИЙСКОЙ ФЕДЕРАЦИИ,163929,24.0346,1895
Иркутская область,Политическая партия ЛДПР – Либерально-демократическая партия России,90646,13.2901,1895
Иркутская область,"Политическая партия ""НОВЫЕ ЛЮДИ""",85689,12.5634,1895
Иркутская область,Социалистическая политическая партия СПРАВЕДЛИВАЯ РОССИЯ,43029,6.3087,1895
Иркутская область,ПАРТИЯ ПЕНСИОНЕРОВ,22505,3.2996,1895
Иркутская область,Политическая партия КОММУНИСТИЧЕСКАЯ ПАРТИЯ КОММУНИСТЫ РОССИИ,8494,1.2454,1895
Иркутская область,"Политическая партия ""Российская экологическая партия ""ЗЕЛЁНЫЕ""",8196,1.2017,1895
Иркутская область,"ВСЕРОССИЙСКАЯ ПОЛИТИЧЕСКАЯ ПАРТИЯ ""РОДИНА""",6268,0.919,1895
Иркутская область,"Политическая партия ""Партия прямой демократии""",2017,0.2957,1895
Кабардино-Балкарская Республика,"Всероссийская политическая партия ""ЕДИНАЯ РОССИЯ""",329396,70.3562,354
Кабардино-Балкарская Республика,КПРФ - политическая партия КОММУНИСТИЧЕСКАЯ ПАРТИЯ РОССИЙСКОЙ ФЕДЕРАЦИИ,80097,17.1081,354
Кабардино-Балкарская Республика,Политическая партия ЛДПР – Либерально-демократическая партия России,24078,5.1429,354
Кабардино-Балкарская Республика,Социалистическая политическая партия СПРАВЕДЛИВАЯ РОССИЯ,18123,3.8709,354
Кабардино-Балкарская Республика,"Политическая партия ""НОВЫЕ ЛЮДИ""",14562,3.1103,354
Кабардино-Балкарская Республика,"Политическая партия ""Российская экологическая партия ""ЗЕЛЁНЫЕ""",564,0.1205,354
Кабардино-Балкарская Республика,"ВСЕРОССИЙСКАЯ ПОЛИТИЧЕСКАЯ ПАРТИЯ ""РОДИНА""",423,0.0903,354
Кабардино-Балкарская Республика,"Политическая партия ""Партия прямой демократии""",376,0.0803,354
Кабардино-Балкарская Республика,ПАРТИЯ ПЕНСИОНЕРОВ,329,0.0703,354
Кабардино-Балкарская Республика,Политическая партия КОММУНИСТИЧЕСКАЯ ПАРТИЯ КОММУНИСТЫ РОССИИ,235,0.0502,354
Калининградская область,"Всероссийская политическая партия ""ЕДИНАЯ РОССИЯ""",192367,53.5191,599
Калининградская область,КПРФ - политическая партия КОММУНИСТИЧЕСКАЯ ПАРТИЯ РОССИЙСКОЙ ФЕДЕРАЦИИ,52985,14.7412,599
Калининградская область,"Политическая партия ""НОВЫЕ ЛЮДИ""",38048,10.5855,599
Калининградская область,Политическая партия ЛДПР – Либерально-демократическая партия России,36162,10.0608,599
Калининградская область,Социалистическая политическая партия СПРАВЕДЛИВАЯ РОССИЯ,17802,4.9528,599
Калининградская область,ПАРТИЯ ПЕНСИОНЕРОВ,9804,2.7276,599
Калининградская область,Политическая партия КОММУНИСТИЧЕСКАЯ ПАРТИЯ КОММУНИСТЫ РОССИИ,4236,1.1785,599
Калининградская область,"Политическая партия ""Российская экологическая партия ""ЗЕЛЁНЫЕ""",3905,1.0864,599
Калининградская область,"ВСЕРОССИЙСКАЯ ПОЛИТИЧЕСКАЯ ПАРТИЯ ""РОДИНА""",2673,0.7437,599
Калининградская область,"Политическая партия ""Партия прямой демократии""",1454,0.4045,599
Калужская область,"Всероссийская политическая партия ""ЕДИНАЯ РОССИЯ""",140651,45.0057,705
Калужская область,КПРФ - политическая партия КОММУНИСТИЧЕСКАЯ ПАРТИЯ РОССИЙСКОЙ ФЕДЕРАЦИИ,59051,18.8952,705
Калужская область,Политическая партия ЛДПР – Либерально-демократическая партия России,32714,10.4679,705
Калужская область,"Политическая партия ""НОВЫЕ ЛЮДИ""",31622,10.1185,705
Калужская область,Социалистическая политическая партия СПРАВЕДЛИВАЯ РОССИЯ,22433,7.1781,705
Калужская область,ПАРТИЯ ПЕНСИОНЕРОВ,11828,3.7847,705
Калужская область,"Политическая партия ""Российская экологическая партия ""ЗЕЛЁНЫЕ""",4652,1.4886,705
Калужская область,Политическая партия КОММУНИСТИЧЕСКАЯ ПАРТИЯ КОММУНИСТЫ РОССИИ,4241,1.357,705
Калужская область,"ВСЕРОССИЙСКАЯ ПОЛИТИЧЕСКАЯ ПАРТИЯ ""РОДИНА""",4202,1.3446,705
Калужская область,"Политическая партия ""Партия прямой демократии""",1124,0.3597,705
Камчатский край,"Всероссийская политическая партия ""ЕДИНАЯ РОССИЯ""",65968,60.8067,320
Камчатский край,КПРФ - политическая партия КОММУНИСТИЧЕСКАЯ ПАРТИЯ РОССИЙСКОЙ ФЕДЕРАЦИИ,12927,11.9156,320
Камчатский край,Политическая партия ЛДПР – Либерально-демократическая партия России,10681,9.8453,320
Камчатский край,"Политическая партия ""НОВЫЕ ЛЮДИ""",7210,6.6459,320
Камчатский край,Социалистическая политическая партия СПРАВЕДЛИВАЯ РОССИЯ,5297,4.8826,320
Камчатский край,ПАРТИЯ ПЕНСИОНЕРОВ,4222,3.8917,320
Камчатский край,"Политическая партия ""Российская экологическая партия ""ЗЕЛЁНЫЕ""",755,0.6959,320
Камчатский край,Политическая партия КОММУНИСТИЧЕСКАЯ ПАРТИЯ КОММУНИСТЫ РОССИИ,651,0.6001,320
Камчатский край,"ВСЕРОССИЙСКАЯ ПОЛИТИЧЕСКАЯ ПАРТИЯ ""РОДИНА""",541,0.4987,320
Камчатский край,"Политическая партия ""Партия прямой демократии""",236,0.2175,320
Карачаево-Черкесская Республика,"Всероссийская политическая партия ""ЕДИНАЯ РОССИЯ""",189075,74.3924,251
Карачаево-Черкесская Республика,КПРФ - политическая партия КОММУНИСТИЧЕСКАЯ ПАРТИЯ РОССИЙСКОЙ ФЕДЕРАЦИИ,33308,13.1052,251
Карачаево-Черкесская Республика,Политическая партия ЛДПР – Либерально-демократическая партия России,15135,5.9549,251
Карачаево-Черкесская Республика,Социалистическая политическая партия СПРАВЕДЛИВАЯ РОССИЯ,8703,3.4242,251
Карачаево-Черкесская Республика,"Политическая партия ""НОВЫЕ ЛЮДИ""",3624,1.4259,251
Карачаево-Черкесская Республика,Политическая партия КОММУНИСТИЧЕСКАЯ ПАРТИЯ КОММУНИСТЫ РОССИИ,1608,0.6327,251
Карачаево-Черкесская Республика,"Политическая партия ""Российская экологическая партия ""ЗЕЛЁНЫЕ""",1149,0.4521,251
Карачаево-Черкесская Республика,ПАРТИЯ ПЕНСИОНЕРОВ,740,0.2912,251
Карачаево-Черкесская Республика,"ВСЕРОССИЙСКАЯ ПОЛИТИЧЕСКАЯ ПАРТИЯ ""РОДИНА""",536,0.2109,251
Карачаево-Черкесская Республика,"Политическая партия ""Партия прямой демократии""",281,0.1106,251
Кемеровская область - Кузбасс,"Всероссийская политическая партия ""ЕДИНАЯ РОССИЯ""",890778,70.2816,1515
Кемеровская область - Кузбасс,Политическая партия ЛДПР – Либерально-демократическая партия России,121877,9.616,1515
Кемеровская область - Кузбасс,КПРФ - политическая партия КОММУНИСТИЧЕСКАЯ ПАРТИЯ РОССИЙСКОЙ ФЕДЕРАЦИИ,103732,8.1844,1515
Кемеровская область - Кузбасс,"Политическая партия ""НОВЫЕ ЛЮДИ""",63826,5.0358,1515
Кемеровская область - Кузбасс,Социалистическая политическая партия СПРАВЕДЛИВАЯ РОССИЯ,48333,3.8134,1515
Кемеровская область - Кузбасс,Политическая партия КОММУНИСТИЧЕСКАЯ ПАРТИЯ КОММУНИСТЫ РОССИИ,11583,0.9139,1515
Кемеровская область - Кузбасс,ПАРТИЯ ПЕНСИОНЕРОВ,11457,0.9039,1515
Кемеровская область - Кузбасс,"Политическая партия ""Российская экологическая партия ""ЗЕЛЁНЫЕ""",6140,0.4844,1515
Кемеровская область - Кузбасс,"ВСЕРОССИЙСКАЯ ПОЛИТИЧЕСКАЯ ПАРТИЯ ""РОДИНА""",5230,0.4126,1515
Кемеровская область - Кузбасс,"Политическая партия ""Партия прямой демократии""",4485,0.3539,1515
Кировская область,"Всероссийская политическая партия ""ЕДИНАЯ РОССИЯ""",172281,35.9718,1105
Кировская область,Политическая партия ЛДПР – Либерально-демократическая партия России,90791,18.9569,1105
Кировская область,КПРФ - политическая партия КОММУНИСТИЧЕСКАЯ ПАРТИЯ РОССИЙСКОЙ ФЕДЕРАЦИИ,86117,17.981,1105
Кировская область,"Политическая партия ""НОВЫЕ ЛЮДИ""",55977,11.6878,1105
Кировская область,Социалистическая политическая партия СПРАВЕДЛИВАЯ РОССИЯ,37369,7.8025,1105
Кировская область,ПАРТИЯ ПЕНСИОНЕРОВ,21655,4.5215,1105
Кировская область,Политическая партия КОММУНИСТИЧЕСКАЯ ПАРТИЯ КОММУНИСТЫ РОССИИ,5173,1.0801,1105
Кировская область,"Политическая партия ""Российская экологическая партия ""ЗЕЛЁНЫЕ""",4835,1.0095,1105
Кировская область,"ВСЕРОССИЙСКАЯ ПОЛИТИЧЕСКАЯ ПАРТИЯ ""РОДИНА""",3634,0.7588,1105
Кировская область,"Политическая партия ""Партия прямой демократии""",1102,0.2301,1105
Костромская область,"Всероссийская политическая партия ""ЕДИНАЯ РОССИЯ""",94459,48.7264,451
Костромская область,КПРФ - политическая партия КОММУНИСТИЧЕСКАЯ ПАРТИЯ РОССИЙСКОЙ ФЕДЕРАЦИИ,38163,19.6863,451
Костромская область,Политическая партия ЛДПР – Либерально-демократическая партия России,20514,10.5821,451
Костромская область,"Политическая партия ""НОВЫЕ ЛЮДИ""",17509,9.032,451
Костромская область,Социалистическая политическая партия СПРАВЕДЛИВАЯ РОССИЯ,9752,5.0305,451
Костромская область,ПАРТИЯ ПЕНСИОНЕРОВ,7942,4.0969,451
Костромская область,"ВСЕРОССИЙСКАЯ ПОЛИТИЧЕСКАЯ ПАРТИЯ ""РОДИНА""",1717,0.8857,451
Костромская область,"Политическая партия ""Российская экологическая партия ""ЗЕЛЁНЫЕ""",1657,0.8548,451
Костромская область,Политическая партия КОММУНИСТИЧЕСКАЯ ПАРТИЯ КОММУНИСТЫ РОССИИ,1655,0.8537,451
Костромская область,"Политическая партия ""Партия прямой демократии""",488,0.2517,451
Краснодарский край,"Всероссийская политическая партия ""ЕДИНАЯ РОССИЯ""",1878772,60.7173,2873
Краснодарский край,КПРФ - политическая партия КОММУНИСТИЧЕСКАЯ ПАРТИЯ РОССИЙСКОЙ ФЕДЕРАЦИИ,501556,16.2091,2873
Краснодарский край,Политическая партия ЛДПР – Либерально-демократическая партия России,252466,8.1591,2873
Краснодарский край,"Политическая партия ""НОВЫЕ ЛЮДИ""",246076,7.9526,2873
Краснодарский край,Социалистическая политическая партия СПРАВЕДЛИВАЯ РОССИЯ,111873,3.6155,2873
Краснодарский край,ПАРТИЯ ПЕНСИОНЕРОВ,25076,0.8104,2873
Краснодарский край,"Политическая партия ""Российская экологическая партия ""ЗЕЛЁНЫЕ""",22423,0.7247,2873
Краснодарский край,Политическая партия КОММУНИСТИЧЕСКАЯ ПАРТИЯ КОММУНИСТЫ РОССИИ,21501,0.6949,2873
Краснодарский край,"ВСЕРОССИЙСКАЯ ПОЛИТИЧЕСКАЯ ПАРТИЯ ""РОДИНА""",19809,0.6402,2873
Краснодарский край,"Политическая партия ""Партия прямой демократии""",14744,0.4765,2873
Красноярский край,"Всероссийская политическая партия ""ЕДИНАЯ РОССИЯ""",415375,41.8309,2045
Красноярский край,КПРФ - политическая партия КОММУНИСТИЧЕСКАЯ ПАРТИЯ РОССИЙСКОЙ ФЕДЕРАЦИИ,193534,19.4901,2045
Красноярский край,Политическая партия ЛДПР – Либерально-демократическая партия России,156063,15.7166,2045
Красноярский край,"Политическая партия ""НОВЫЕ ЛЮДИ""",105191,10.5934,2045
Красноярский край,Социалистическая политическая партия СПРАВЕДЛИВАЯ РОССИЯ,43181,4.3486,2045
Красноярский край,ПАРТИЯ ПЕНСИОНЕРОВ,36852,3.7112,2045
Красноярский край,"Политическая партия ""Российская экологическая партия ""ЗЕЛЁНЫЕ""",19391,1.9528,2045
Красноярский край,"ВСЕРОССИЙСКАЯ ПОЛИТИЧЕСКАЯ ПАРТИЯ ""РОДИНА""",10797,1.0873,2045
Красноярский край,Политическая партия КОММУНИСТИЧЕСКАЯ ПАРТИЯ КОММУНИСТЫ РОССИИ,9086,0.915,2045
Красноярский край,"Политическая партия ""Партия прямой демократии""",3515,0.354,2045
Курганская область,"Всероссийская политическая партия ""ЕДИНАЯ РОССИЯ""",197431,59.8459,772
Курганская область,КПРФ - политическая партия КОММУНИСТИЧЕСКАЯ ПАРТИЯ РОССИЙСКОЙ ФЕДЕРАЦИИ,45003,13.6414,772
Курганская область,Политическая партия ЛДПР – Либерально-демократическая партия России,31968,9.6902,772
Курганская область,"Политическая партия ""НОВЫЕ ЛЮДИ""",21724,6.585,772
Курганская область,Социалистическая политическая партия СПРАВЕДЛИВАЯ РОССИЯ,15204,4.6087,772
Курганская область,ПАРТИЯ ПЕНСИОНЕРОВ,10618,3.2186,772
Курганская область,Политическая партия КОММУНИСТИЧЕСКАЯ ПАРТИЯ КОММУНИСТЫ РОССИИ,2550,0.773,772
Курганская область,"ВСЕРОССИЙСКАЯ ПОЛИТИЧЕСКАЯ ПАРТИЯ ""РОДИНА""",2509,0.7605,772
Курганская область,"Политическая партия ""Российская экологическая партия ""ЗЕЛЁНЫЕ""",2057,0.6235,772
Курганская область,"Политическая партия ""Партия прямой демократии""",835,0.2531,772
Курская область,"Всероссийская политическая партия ""ЕДИНАЯ РОССИЯ""",310499,61.1008,884
Курская область,КПРФ - политическая партия КОММУНИСТИЧЕСКАЯ ПАРТИЯ РОССИЙСКОЙ ФЕДЕРАЦИИ,62379,12.2751,884
Курская область,Политическая партия ЛДПР – Либерально-демократическая партия России,45096,8.8741,884
Курская область,"Политическая партия ""НОВЫЕ ЛЮДИ""",36651,7.2123,884
Курская область,Социалистическая политическая партия СПРАВЕДЛИВАЯ РОССИЯ,22716,4.4701,884
Курская область,ПАРТИЯ ПЕНСИОНЕРОВ,15041,2.9598,884
Курская область,"Политическая партия ""Российская экологическая партия ""ЗЕЛЁНЫЕ""",4711,0.927,884
Курская область,"ВСЕРОССИЙСКАЯ ПОЛИТИЧЕСКАЯ ПАРТИЯ ""РОДИНА""",4256,0.8375,884
Курская область,Политическая партия КОММУНИСТИЧЕСКАЯ ПАРТИЯ КОММУНИСТЫ РОССИИ,4245,0.8353,884
Курская область,"Политическая партия ""Партия прямой демократии""",2581,0.5079,884
Ленинградская область,"Всероссийская политическая партия ""ЕДИНАЯ РОССИЯ""",521551,59.3773,1020
Ленинградская область,Политическая партия ЛДПР – Либерально-демократическая партия России,106708,12.1484,1020
Ленинградская область,КПРФ - политическая партия КОММУНИСТИЧЕСКАЯ ПАРТИЯ РОССИЙСКОЙ ФЕДЕРАЦИИ,84198,9.5857,1020
Ленинградская область,"Политическая партия ""НОВЫЕ ЛЮДИ""",69910,7.9591,1020
Ленинградская область,Социалистическая политическая партия СПРАВЕДЛИВАЯ РОССИЯ,45031,5.1267,1020
Ленинградская область,"Политическая партия ""Российская экологическая партия ""ЗЕЛЁНЫЕ""",14160,1.6121,1020
Ленинградская область,ПАРТИЯ ПЕНСИОНЕРОВ,14132,1.6089,1020
Ленинградская область,Политическая партия КОММУНИСТИЧЕСКАЯ ПАРТИЯ КОММУНИСТЫ РОССИИ,11629,1.3239,1020
Ленинградская область,"ВСЕРОССИЙСКАЯ ПОЛИТИЧЕСКАЯ ПАРТИЯ ""РОДИНА""",6938,0.7899,1020
Ленинградская область,"Политическая партия ""Партия прямой демократии""",4111,0.468,1020
Липецкая область,"Всероссийская политическая партия ""ЕДИНАЯ РОССИЯ""",186849,49.1832,820
Липецкая область,КПРФ - политическая партия КОММУНИСТИЧЕСКАЯ ПАРТИЯ РОССИЙСКОЙ ФЕДЕРАЦИИ,72067,18.9698,820
Липецкая область,Политическая партия ЛДПР – Либерально-демократическая партия России,42366,11.1518,820
Липецкая область,"Политическая партия ""НОВЫЕ ЛЮДИ""",26110,6.8728,820
Липецкая область,Социалистическая политическая партия СПРАВЕДЛИВАЯ РОССИЯ,19377,5.1005,820
Липецкая область,ПАРТИЯ ПЕНСИОНЕРОВ,18720,4.9276,820
Липецкая область,Политическая партия КОММУНИСТИЧЕСКАЯ ПАРТИЯ КОММУНИСТЫ РОССИИ,4970,1.3082,820
Липецкая область,"Политическая партия ""Российская экологическая партия ""ЗЕЛЁНЫЕ""",4396,1.1571,820
Липецкая область,"ВСЕРОССИЙСКАЯ ПОЛИТИЧЕСКАЯ ПАРТИЯ ""РОДИНА""",3492,0.9192,820
Липецкая область,"Политическая партия ""Партия прямой демократии""",1557,0.4098,820
Магаданская область,"Всероссийская политическая партия ""ЕДИНАЯ РОССИЯ""",30205,64.3975,93
Магаданская область,КПРФ - политическая партия КОММУНИСТИЧЕСКАЯ ПАРТИЯ РОССИЙСКОЙ ФЕДЕРАЦИИ,5484,11.692,93
Магаданская область,Политическая партия ЛДПР – Либерально-демократическая партия России,4370,9.3169,93
Магаданская область,"Политическая партия ""НОВЫЕ ЛЮДИ""",3351,7.1444,93
Магаданская область,Социалистическая политическая партия СПРАВЕДЛИВАЯ РОССИЯ,1476,3.1469,93
Магаданская область,ПАРТИЯ ПЕНСИОНЕРОВ,863,1.8399,93
Магаданская область,"Политическая партия ""Российская экологическая партия ""ЗЕЛЁНЫЕ""",382,0.8144,93
Магаданская область,Политическая партия КОММУНИСТИЧЕСКАЯ ПАРТИЯ КОММУНИСТЫ РОССИИ,375,0.7995,93
Магаданская область,"ВСЕРОССИЙСКАЯ ПОЛИТИЧЕСКАЯ ПАРТИЯ ""РОДИНА""",261,0.5565,93
Магаданская область,"Политическая партия ""Партия прямой демократии""",137,0.2921,93
Московская область,"Всероссийская политическая партия ""ЕДИНАЯ РОССИЯ""",1479066,57.7554,3977
Московская область,КПРФ - политическая партия КОММУНИСТИЧЕСКАЯ ПАРТИЯ РОССИЙСКОЙ ФЕДЕРАЦИИ,371915,14.5227,3977
Московская область,Политическая партия ЛДПР – Либерально-демократическая партия России,247348,9.6586,3977
Московская область,"Политическая партия ""НОВЫЕ ЛЮДИ""",199410,7.7867,3977
Московская область,Социалистическая политическая партия СПРАВЕДЛИВАЯ РОССИЯ,154530,6.0342,3977
Московская область,ПАРТИЯ ПЕНСИОНЕРОВ,32451,1.2672,3977
Московская область,"Политическая партия ""Российская экологическая партия ""ЗЕЛЁНЫЕ""",31548,1.2319,3977
Московская область,Политическая партия КОММУНИСТИЧЕСКАЯ ПАРТИЯ КОММУНИСТЫ РОССИИ,18178,0.7098,3977
Московская область,"ВСЕРОССИЙСКАЯ ПОЛИТИЧЕСКАЯ ПАРТИЯ ""РОДИНА""",16127,0.6297,3977
Московская область,"Политическая партия ""Партия прямой демократии""",10342,0.4038,3977
Мурманская область,"Всероссийская политическая партия ""ЕДИНАЯ РОССИЯ""",82187,40.4972,555
Мурманская область,КПРФ - политическая партия КОММУНИСТИЧЕСКАЯ ПАРТИЯ РОССИЙСКОЙ ФЕДЕРАЦИИ,34342,16.9218,555
Мурманская область,Политическая партия ЛДПР – Либерально-демократическая партия России,29354,14.464,555
Мурманская область,"Политическая партия ""НОВЫЕ ЛЮДИ""",24217,11.9328,555
Мурманская область,Социалистическая политическая партия СПРАВЕДЛИВАЯ РОССИЯ,15436,7.606,555
Мурманская область,ПАРТИЯ ПЕНСИОНЕРОВ,11030,5.435,555
Мурманская область,"Политическая партия ""Российская экологическая партия ""ЗЕЛЁНЫЕ""",2524,1.2437,555
Мурманская область,Политическая партия КОММУНИСТИЧЕСКАЯ ПАРТИЯ КОММУНИСТЫ РОССИИ,1645,0.8106,555
Мурманская область,"ВСЕРОССИЙСКАЯ ПОЛИТИЧЕСКАЯ ПАРТИЯ ""РОДИНА""",1570,0.7736,555
Мурманская область,"Политическая партия ""Партия прямой демократии""",640,0.3154,555
Ненецкий автономный округ,"Всероссийская политическая партия ""ЕДИНАЯ РОССИЯ""",6153,39.8769,59
Ненецкий автономный округ,КПРФ - политическая партия КОММУНИСТИЧЕСКАЯ ПАРТИЯ РОССИЙСКОЙ ФЕДЕРАЦИИ,3981,25.8004,59
Ненецкий автономный округ,Политическая партия ЛДПР – Либерально-демократическая партия России,2487,16.118,59
Ненецкий автономный округ,"Политическая партия ""НОВЫЕ ЛЮДИ""",1115,7.2262,59
Ненецкий автономный округ,Социалистическая политическая партия СПРАВЕДЛИВАЯ РОССИЯ,746,4.8347,59
Ненецкий автономный округ,ПАРТИЯ ПЕНСИОНЕРОВ,440,2.8516,59
Ненецкий автономный округ,"ВСЕРОССИЙСКАЯ ПОЛИТИЧЕСКАЯ ПАРТИЯ ""РОДИНА""",157,1.0175,59
Ненецкий автономный округ,Политическая партия КОММУНИСТИЧЕСКАЯ ПАРТИЯ КОММУНИСТЫ РОССИИ,155,1.0045,59
Ненецкий автономный округ,"Политическая партия ""Российская экологическая партия ""ЗЕЛЁНЫЕ""",118,0.7647,59
Ненецкий автономный округ,"Политическая партия ""Партия прямой демократии""",78,0.5055,59
Нижегородская область,"Всероссийская политическая партия ""ЕДИНАЯ РОССИЯ""",739263,54.8031,2311
Нижегородская область,КПРФ - политическая партия КОММУНИСТИЧЕСКАЯ ПАРТИЯ РОССИЙСКОЙ ФЕДЕРАЦИИ,198703,14.7303,2311
Нижегородская область,Политическая партия ЛДПР – Либерально-демократическая партия России,160744,11.9163,2311
Нижегородская область,"Политическая партия ""НОВЫЕ ЛЮДИ""",107899,7.9988,2311
Нижегородская область,Социалистическая политическая партия СПРАВЕДЛИВАЯ РОССИЯ,84615,6.2727,2311
Нижегородская область,ПАРТИЯ ПЕНСИОНЕРОВ,26697,1.9791,2311
Нижегородская область,"Политическая партия ""Российская экологическая партия ""ЗЕЛЁНЫЕ""",9017,0.6684,2311
Нижегородская область,Политическая партия КОММУНИСТИЧЕСКАЯ ПАРТИЯ КОММУНИСТЫ РОССИИ,8909,0.6604,2311
Нижегородская область,"ВСЕРОССИЙСКАЯ ПОЛИТИЧЕСКАЯ ПАРТИЯ ""РОДИНА""",8478,0.6285,2311
Нижегородская область,"Политическая партия ""Партия прямой демократии""",4619,0.3424,2311
Новгородская область,"Всероссийская политическая партия ""ЕДИНАЯ РОССИЯ""",57203,37.862,521
Новгородская область,КПРФ - политическая партия КОММУНИСТИЧЕСКАЯ ПАРТИЯ РОССИЙСКОЙ ФЕДЕРАЦИИ,31341,20.7442,521
Новгородская область,Политическая партия ЛДПР – Либерально-демократическая партия России,18647,12.3422,521
Новгородская область,"Политическая партия ""НОВЫЕ ЛЮДИ""",16612,10.9953,521
Новгородская область,Социалистическая политическая партия СПРАВЕДЛИВАЯ РОССИЯ,12849,8.5046,521
Новгородская область,ПАРТИЯ ПЕНСИОНЕРОВ,8476,5.6102,521
Новгородская область,"Политическая партия ""Российская экологическая партия ""ЗЕЛЁНЫЕ""",2127,1.4078,521
Новгородская область,Политическая партия КОММУНИСТИЧЕСКАЯ ПАРТИЯ КОММУНИСТЫ РОССИИ,1797,1.1894,521
Новгородская область,"ВСЕРОССИЙСКАЯ ПОЛИТИЧЕСКАЯ ПАРТИЯ ""РОДИНА""",1461,0.967,521
Новгородская область,"Политическая партия ""Партия прямой демократии""",570,0.3773,521
Новосибирская область,"Всероссийская политическая партия ""ЕДИНАЯ РОССИЯ""",323823,42.6663,1766
Новосибирская область,КПРФ - политическая партия КОММУНИСТИЧЕСКАЯ ПАРТИЯ РОССИЙСКОЙ ФЕДЕРАЦИИ,164997,21.7397,1766
Новосибирская область,"Политическая партия ""НОВЫЕ ЛЮДИ""",86644,11.416,1766
Новосибирская область,Политическая партия ЛДПР – Либерально-демократическая партия России,81248,10.7051,1766
Новосибирская область,Социалистическая политическая партия СПРАВЕДЛИВАЯ РОССИЯ,42493,5.5988,1766
Новосибирская область,ПАРТИЯ ПЕНСИОНЕРОВ,28838,3.7996,1766
Новосибирская область,Политическая партия КОММУНИСТИЧЕСКАЯ ПАРТИЯ КОММУНИСТЫ РОССИИ,9688,1.2765,1766
Новосибирская область,"Политическая партия ""Российская экологическая партия ""ЗЕЛЁНЫЕ""",9280,1.2227,1766
Новосибирская область,"ВСЕРОССИЙСКАЯ ПОЛИТИЧЕСКАЯ ПАРТИЯ ""РОДИНА""",9225,1.2155,1766
Новосибирская область,"Политическая партия ""Партия прямой демократии""",2731,0.3598,1766
Омская область,"Всероссийская политическая партия ""ЕДИНАЯ РОССИЯ""",282860,44.9169,1662
Омская область,КПРФ - политическая партия КОММУНИСТИЧЕСКАЯ ПАРТИЯ РОССИЙСКОЙ ФЕДЕРАЦИИ,138924,22.0605,1662
Омская область,Политическая партия ЛДПР – Либерально-демократическая партия России,65029,10.3263,1662
Омская область,"Политическая партия ""НОВЫЕ ЛЮДИ""",64202,10.195,1662
Омская область,Социалистическая политическая партия СПРАВЕДЛИВАЯ РОССИЯ,31332,4.9754,1662
Омская область,ПАРТИЯ ПЕНСИОНЕРОВ,26176,4.1566,1662
Омская область,Политическая партия КОММУНИСТИЧЕСКАЯ ПАРТИЯ КОММУНИСТЫ РОССИИ,8582,1.3628,1662
Омская область,"Политическая партия ""Российская экологическая партия ""ЗЕЛЁНЫЕ""",6596,1.0474,1662
Омская область,"ВСЕРОССИЙСКАЯ ПОЛИТИЧЕСКАЯ ПАРТИЯ ""РОДИНА""",4184,0.6644,1662
Омская область,"Политическая партия ""Партия прямой демократии""",1856,0.2947,1662
Оренбургская область,"Всероссийская политическая партия ""ЕДИНАЯ РОССИЯ""",525661,63.869,1382
Оренбургская область,КПРФ - политическая партия КОММУНИСТИЧЕСКАЯ ПАРТИЯ РОССИЙСКОЙ ФЕДЕРАЦИИ,114673,13.933,1382
Оренбургская область,Политическая партия ЛДПР – Либерально-демократическая партия России,55434,6.7354,1382
Оренбургская область,"Политическая партия ""НОВЫЕ ЛЮДИ""",48245,5.8619,1382
Оренбургская область,Социалистическая политическая партия СПРАВЕДЛИВАЯ РОССИЯ,38253,4.6478,1382
Оренбургская область,ПАРТИЯ ПЕНСИОНЕРОВ,19211,2.3342,1382
Оренбургская область,Политическая партия КОММУНИСТИЧЕСКАЯ ПАРТИЯ КОММУНИСТЫ РОССИИ,9180,1.1154,1382
Оренбургская область,"ВСЕРОССИЙСКАЯ ПОЛИТИЧЕСКАЯ ПАРТИЯ ""РОДИНА""",5112,0.6211,1382
Оренбургская область,"Политическая партия ""Российская экологическая партия ""ЗЕЛЁНЫЕ""",4727,0.5743,1382
Оренбургская область,"Политическая партия ""Партия прямой демократии""",2534,0.3079,1382
Орловская область,"Всероссийская политическая партия ""ЕДИНАЯ РОССИЯ""",135668,43.8974,672
Орловская область,КПРФ - политическая партия КОММУНИСТИЧЕСКАЯ ПАРТИЯ РОССИЙСКОЙ ФЕДЕРАЦИИ,81920,26.5064,672
Орловская область,Политическая партия ЛДПР – Либерально-демократическая партия России,25883,8.3748,672
Орловская область,"Политическая партия ""НОВЫЕ ЛЮДИ""",24102,7.7986,672
Орловская область,Социалистическая политическая партия СПРАВЕДЛИВАЯ РОССИЯ,23412,7.5753,672
Орловская область,ПАРТИЯ ПЕНСИОНЕРОВ,9987,3.2314,672
Орловская область,"Политическая партия ""Российская экологическая партия ""ЗЕЛЁНЫЕ""",2761,0.8934,672
Орловская область,"ВСЕРОССИЙСКАЯ ПОЛИТИЧЕСКАЯ ПАРТИЯ ""РОДИНА""",2477,0.8015,672
Орловская область,Политическая партия КОММУНИСТИЧЕСКАЯ ПАРТИЯ КОММУНИСТЫ РОССИИ,1999,0.6468,672
Орловская область,"Политическая партия ""Партия прямой демократии""",848,0.2744,672
Пензенская область,"Всероссийская политическая партия ""ЕДИНАЯ РОССИЯ""",312122,53.2428,945
Пензенская область,КПРФ - политическая партия КОММУНИСТИЧЕСКАЯ ПАРТИЯ РОССИЙСКОЙ ФЕДЕРАЦИИ,111087,18.9496,945
Пензенская область,Политическая партия ЛДПР – Либерально-демократическая партия России,64848,11.062,945
Пензенская область,"Политическая партия ""НОВЫЕ ЛЮДИ""",63917,10.9032,945
Пензенская область,Социалистическая политическая партия СПРАВЕДЛИВАЯ РОССИЯ,11915,2.0325,945
Пензенская область,ПАРТИЯ ПЕНСИОНЕРОВ,9542,1.6277,945
Пензенская область,Политическая партия КОММУНИСТИЧЕСКАЯ ПАРТИЯ КОММУНИСТЫ РОССИИ,4819,0.822,945
Пензенская область,"ВСЕРОССИЙСКАЯ ПОЛИТИЧЕСКАЯ ПАРТИЯ ""РОДИНА""",3229,0.5508,945
Пензенская область,"Политическая партия ""Российская экологическая партия ""ЗЕЛЁНЫЕ""",3040,0.5186,945
Пензенская область,"Политическая партия ""Партия прямой демократии""",1705,0.2908,945
Пермский край,"Всероссийская политическая партия ""ЕДИНАЯ РОССИЯ""",399238,52.3552,1778
Пермский край,КПРФ - политическая партия КОММУНИСТИЧЕСКАЯ ПАРТИЯ РОССИЙСКОЙ ФЕДЕРАЦИИ,125669,16.48,1778
Пермский край,Политическая партия ЛДПР – Либерально-демократическая партия России,78644,10.3132,1778
Пермский край,"Политическая партия ""НОВЫЕ ЛЮДИ""",68109,8.9317,1778
Пермский край,ПАРТИЯ ПЕНСИОНЕРОВ,35878,4.705,1778
Пермский край,Социалистическая политическая партия СПРАВЕДЛИВАЯ РОССИЯ,34080,4.4692,1778
Пермский край,Политическая партия КОММУНИСТИЧЕСКАЯ ПАРТИЯ КОММУНИСТЫ РОССИИ,6735,0.8832,1778
Пермский край,"Политическая партия ""Российская экологическая партия ""ЗЕЛЁНЫЕ""",6674,0.8752,1778
Пермский край,"ВСЕРОССИЙСКАЯ ПОЛИТИЧЕСКАЯ ПАРТИЯ ""РОДИНА""",4959,0.6503,1778
Пермский край,"Политическая партия ""Партия прямой демократии""",2570,0.337,1778
Приморский край,"Всероссийская политическая партия ""ЕДИНАЯ РОССИЯ""",557083,62.7884,1476
Приморский край,Политическая партия ЛДПР – Либерально-демократическая партия России,103311,11.6441,1476
Приморский край,КПРФ - политическая партия КОММУНИСТИЧЕСКАЯ ПАРТИЯ РОССИЙСКОЙ ФЕДЕРАЦИИ,77126,8.6928,1476
Приморский край,"Политическая партия ""НОВЫЕ ЛЮДИ""",69541,7.8379,1476
Приморский край,Социалистическая политическая партия СПРАВЕДЛИВАЯ РОССИЯ,46789,5.2736,1476
Приморский край,ПАРТИЯ ПЕНСИОНЕРОВ,13494,1.5209,1476
Приморский край,Политическая партия КОММУНИСТИЧЕСКАЯ ПАРТИЯ КОММУНИСТЫ РОССИИ,6872,0.7745,1476
Приморский край,"Политическая партия ""Российская экологическая партия ""ЗЕЛЁНЫЕ""",4807,0.5418,1476
Приморский край,"ВСЕРОССИЙСКАЯ ПОЛИТИЧЕСКАЯ ПАРТИЯ ""РОДИНА""",4672,0.5266,1476
Приморский край,"Политическая партия ""Партия прямой демократии""",3544,0.3994,1476
Псковская область,"Всероссийская политическая партия ""ЕДИНАЯ РОССИЯ""",116206,56.1707,571
Псковская область,КПРФ - политическая партия КОММУНИСТИЧЕСКАЯ ПАРТИЯ РОССИЙСКОЙ ФЕДЕРАЦИИ,32156,15.5433,571
Псковская область,Политическая партия ЛДПР – Либерально-демократическая партия России,18976,9.1725,571
Псковская область,"Политическая партия ""НОВЫЕ ЛЮДИ""",13915,6.7261,571
Псковская область,Социалистическая политическая партия СПРАВЕДЛИВАЯ РОССИЯ,12740,6.1582,571
Псковская область,ПАРТИЯ ПЕНСИОНЕРОВ,6337,3.0631,571
Псковская область,"ВСЕРОССИЙСКАЯ ПОЛИТИЧЕСКАЯ ПАРТИЯ ""РОДИНА""",1995,0.9643,571
Псковская область,Политическая партия КОММУНИСТИЧЕСКАЯ ПАРТИЯ КОММУНИСТЫ РОССИИ,1946,0.9406,571
Псковская область,"Политическая партия ""Российская экологическая партия ""ЗЕЛЁНЫЕ""",1897,0.917,571
Псковская область,"Политическая партия ""Партия прямой демократии""",712,0.3442,571
Республика Адыгея (Адыгея),"Всероссийская политическая партия ""ЕДИНАЯ РОССИЯ""",176990,66.5163,266
Республика Адыгея (Адыгея),КПРФ - политическая партия КОММУНИСТИЧЕСКАЯ ПАРТИЯ РОССИЙСКОЙ ФЕДЕРАЦИИ,32033,12.0386,266
Республика Адыгея (Адыгея),Политическая партия ЛДПР – Либерально-демократическая партия России,25052,9.415,266
Республика Адыгея (Адыгея),Социалистическая политическая партия СПРАВЕДЛИВАЯ РОССИЯ,13639,5.1258,266
Республика Адыгея (Адыгея),"Политическая партия ""НОВЫЕ ЛЮДИ""",12144,4.564,266
Республика Адыгея (Адыгея),ПАРТИЯ ПЕНСИОНЕРОВ,2025,0.761,266
Республика Адыгея (Адыгея),Политическая партия КОММУНИСТИЧЕСКАЯ ПАРТИЯ КОММУНИСТЫ РОССИИ,1418,0.5329,266
Республика Адыгея (Адыгея),"Политическая партия ""Российская экологическая партия ""ЗЕЛЁНЫЕ""",1146,0.4307,266
Республика Адыгея (Адыгея),"ВСЕРОССИЙСКАЯ ПОЛИТИЧЕСКАЯ ПАРТИЯ ""РОДИНА""",1116,0.4194,266
Республика Адыгея (Адыгея),"Политическая партия ""Партия прямой демократии""",522,0.1962,266
Республика Алтай,КПРФ - политическая партия КОММУНИСТИЧЕСКАЯ ПАРТИЯ РОССИЙСКОЙ ФЕДЕРАЦИИ,17423,37.6885,235
Республика Алтай,"Всероссийская политическая партия ""ЕДИНАЯ РОССИЯ""",16221,35.0884,235
Республика Алтай,Политическая партия ЛДПР – Либерально-демократическая партия России,4760,10.2966,235
Республика Алтай,"Политическая партия ""НОВЫЕ ЛЮДИ""",3032,6.5587,235
Республика Алтай,Социалистическая политическая партия СПРАВЕДЛИВАЯ РОССИЯ,2009,4.3458,235
Республика Алтай,ПАРТИЯ ПЕНСИОНЕРОВ,1341,2.9008,235
Республика Алтай,Политическая партия КОММУНИСТИЧЕСКАЯ ПАРТИЯ КОММУНИСТЫ РОССИИ,721,1.5596,235
Республика Алтай,"ВСЕРОССИЙСКАЯ ПОЛИТИЧЕСКАЯ ПАРТИЯ ""РОДИНА""",353,0.7636,235
Республика Алтай,"Политическая партия ""Российская экологическая партия ""ЗЕЛЁНЫЕ""",292,0.6316,235
Республика Алтай,"Политическая партия ""Партия прямой демократии""",77,0.1666,235
Республика Башкортостан,"Всероссийская политическая партия ""ЕДИНАЯ РОССИЯ""",1397682,61.1375,3250
Республика Башкортостан,КПРФ - политическая партия КОММУНИСТИЧЕСКАЯ ПАРТИЯ РОССИЙСКОЙ ФЕДЕРАЦИИ,251608,11.0059,3250
Республика Башкортостан,Политическая партия ЛДПР – Либерально-демократическая партия России,193718,8.4736,3250
Республика Башкортостан,Социалистическая политическая партия СПРАВЕДЛИВАЯ РОССИЯ,186742,8.1685,3250
Республика Башкортостан,"Политическая партия ""НОВЫЕ ЛЮДИ""",186688,8.1661,3250
Республика Башкортостан,ПАРТИЯ ПЕНСИОНЕРОВ,18045,0.7893,3250
Республика Башкортостан,"Политическая партия ""Российская экологическая партия ""ЗЕЛЁНЫЕ""",13840,0.6054,3250
Республика Башкортостан,"ВСЕРОССИЙСКАЯ ПОЛИТИЧЕСКАЯ ПАРТИЯ ""РОДИНА""",13554,0.5929,3250
Республика Башкортостан,Политическая партия КОММУНИСТИЧЕСКАЯ ПАРТИЯ КОММУНИСТЫ РОССИИ,12916,0.565,3250
Республика Башкортостан,"Политическая партия ""Партия прямой демократии""",11335,0.4958,3250
Республика Бурятия,"Всероссийская политическая партия ""ЕДИНАЯ РОССИЯ""",172798,52.1384,833
Республика Бурятия,КПРФ - политическая партия КОММУНИСТИЧЕСКАЯ ПАРТИЯ РОССИЙСКОЙ ФЕДЕРАЦИИ,80087,24.1647,833
Республика Бурятия,Политическая партия ЛДПР – Либерально-демократическая партия России,29188,8.8069,833
Республика Бурятия,"Политическая партия ""НОВЫЕ ЛЮДИ""",22641,6.8315,833
Республика Бурятия,Социалистическая политическая партия СПРАВЕДЛИВАЯ РОССИЯ,10292,3.1054,833
Республика Бурятия,ПАРТИЯ ПЕНСИОНЕРОВ,7318,2.2081,833
Республика Бурятия,Политическая партия КОММУНИСТИЧЕСКАЯ ПАРТИЯ КОММУНИСТЫ РОССИИ,3608,1.0886,833
Республика Бурятия,"Политическая партия ""Российская экологическая партия ""ЗЕЛЁНЫЕ""",3319,1.0014,833
Республика Бурятия,"ВСЕРОССИЙСКАЯ ПОЛИТИЧЕСКАЯ ПАРТИЯ ""РОДИНА""",1561,0.471,833
Республика Бурятия,"Политическая партия ""Партия прямой демократии""",610,0.1841,833
Республика Дагестан,"Всероссийская политическая партия ""ЕДИНАЯ РОССИЯ""",1468226,92.4676,1726
Республика Дагестан,Социалистическая политическая партия СПРАВЕДЛИВАЯ РОССИЯ,42878,2.7004,1726
Республика Дагестан,КПРФ - политическая партия КОММУНИСТИЧЕСКАЯ ПАРТИЯ РОССИЙСКОЙ ФЕДЕРАЦИИ,39061,2.46,1726
Республика Дагестан,Политическая партия ЛДПР – Либерально-демократическая партия России,23147,1.4578,1726
Республика Дагестан,"Политическая партия ""НОВЫЕ ЛЮДИ""",5836,0.3675,1726
Республика Дагестан,Политическая партия КОММУНИСТИЧЕСКАЯ ПАРТИЯ КОММУНИСТЫ РОССИИ,2105,0.1326,1726
Республика Дагестан,ПАРТИЯ ПЕНСИОНЕРОВ,1791,0.1128,1726
Республика Дагестан,"ВСЕРОССИЙСКАЯ ПОЛИТИЧЕСКАЯ ПАРТИЯ ""РОДИНА""",1741,0.1096,1726
Республика Дагестан,"Политическая партия ""Российская экологическая партия ""ЗЕЛЁНЫЕ""",1694,0.1067,1726
Республика Дагестан,"Политическая партия ""Партия прямой демократии""",1349,0.085,1726
Республика Ингушетия,"Всероссийская политическая партия ""ЕДИНАЯ РОССИЯ""",213743,90.9142,143
Республика Ингушетия,КПРФ - политическая партия КОММУНИСТИЧЕСКАЯ ПАРТИЯ РОССИЙСКОЙ ФЕДЕРАЦИИ,7034,2.9919,143
Республика Ингушетия,"Политическая партия ""НОВЫЕ ЛЮДИ""",6643,2.8256,143
Республика Ингушетия,Социалистическая политическая партия СПРАВЕДЛИВАЯ РОССИЯ,4144,1.7626,143
Республика Ингушетия,Политическая партия ЛДПР – Либерально-демократическая партия России,2536,1.0787,143
Республика Ингушетия,ПАРТИЯ ПЕНСИОНЕРОВ,299,0.1272,143
Республика Ингушетия,Политическая партия КОММУНИСТИЧЕСКАЯ ПАРТИЯ КОММУНИСТЫ РОССИИ,234,0.0995,143
Республика Ингушетия,"ВСЕРОССИЙСКАЯ ПОЛИТИЧЕСКАЯ ПАРТИЯ ""РОДИНА""",187,0.0795,143
Республика Ингушетия,"Политическая партия ""Российская экологическая партия ""ЗЕЛЁНЫЕ""",171,0.0727,143
Республика Ингушетия,"Политическая партия ""Партия прямой демократии""",113,0.0481,143
Республика Калмыкия,"Всероссийская политическая партия ""ЕДИНАЯ РОССИЯ""",56728,55.8935,225
Республика Калмыкия,КПРФ - политическая партия КОММУНИСТИЧЕСКАЯ ПАРТИЯ РОССИЙСКОЙ ФЕДЕРАЦИИ,20493,20.1915,225
Республика Калмыкия,Политическая партия ЛДПР – Либерально-демократическая партия России,10082,9.9337,225
Республика Калмыкия,Социалистическая политическая партия СПРАВЕДЛИВАЯ РОССИЯ,6332,6.2389,225
Республика Калмыкия,"Политическая партия ""НОВЫЕ ЛЮДИ""",5396,5.3166,225
Республика Калмыкия,ПАРТИЯ ПЕНСИОНЕРОВ,1315,1.2957,225
Республика Калмыкия,Политическая партия КОММУНИСТИЧЕСКАЯ ПАРТИЯ КОММУНИСТЫ РОССИИ,556,0.5478,225
Республика Калмыкия,"Политическая партия ""Российская экологическая партия ""ЗЕЛЁНЫЕ""",292,0.2877,225
Республика Калмыкия,"ВСЕРОССИЙСКАЯ ПОЛИТИЧЕСКАЯ ПАРТИЯ ""РОДИНА""",192,0.1892,225
Республика Калмыкия,"Политическая партия ""Партия прямой демократии""",107,0.1054,225
Республика Карелия,"Всероссийская политическая партия ""ЕДИНАЯ РОССИЯ""",57094,32.113,473
Республика Карелия,КПРФ - политическая партия КОММУНИСТИЧЕСКАЯ ПАРТИЯ РОССИЙСКОЙ ФЕДЕРАЦИИ,32464,18.2596,473
Республика Карелия,Политическая партия ЛДПР – Либерально-демократическая партия России,25946,14.5935,473
Республика Карелия,Социалистическая политическая партия СПРАВЕДЛИВАЯ РОССИЯ,22575,12.6975,473
Республика Карелия,"Политическая партия ""НОВЫЕ ЛЮДИ""",21702,12.2065,473
Республика Карелия,ПАРТИЯ ПЕНСИОНЕРОВ,9548,5.3704,473
Республика Карелия,"Политическая партия ""Российская экологическая партия ""ЗЕЛЁНЫЕ""",4403,2.4765,473
Республика Карелия,Политическая партия КОММУНИСТИЧЕСКАЯ ПАРТИЯ КОММУНИСТЫ РОССИИ,1802,1.0135,473
Республика Карелия,"ВСЕРОССИЙСКАЯ ПОЛИТИЧЕСКАЯ ПАРТИЯ ""РОДИНА""",1699,0.9556,473
Республика Карелия,"Политическая партия ""Партия прямой демократии""",558,0.3139,473
Республика Коми,"Всероссийская политическая партия ""ЕДИНАЯ РОССИЯ""",106606,45.0716,581
Республика Коми,КПРФ - политическая партия КОММУНИСТИЧЕСКАЯ ПАРТИЯ РОССИЙСКОЙ ФЕДЕРАЦИИ,54622,23.0934,581
Республика Коми,Политическая партия ЛДПР – Либерально-демократическая партия России,28446,12.0266,581
Республика Коми,"Политическая партия ""НОВЫЕ ЛЮДИ""",16742,7.0783,581
Республика Коми,Социалистическая политическая партия СПРАВЕДЛИВАЯ РОССИЯ,11443,4.8379,581
Республика Коми,ПАРТИЯ ПЕНСИОНЕРОВ,9892,4.1822,581
Республика Коми,"Политическая партия ""Российская экологическая партия ""ЗЕЛЁНЫЕ""",3232,1.3664,581
Республика Коми,Политическая партия КОММУНИСТИЧЕСКАЯ ПАРТИЯ КОММУНИСТЫ РОССИИ,2789,1.1792,581
Республика Коми,"ВСЕРОССИЙСКАЯ ПОЛИТИЧЕСКАЯ ПАРТИЯ ""РОДИНА""",2098,0.887,581
Республика Коми,"Политическая партия ""Партия прямой демократии""",656,0.2773,581
Республика Крым,"Всероссийская политическая партия ""ЕДИНАЯ РОССИЯ""",408469,62.8208,1128
Республика Крым,КПРФ - политическая партия КОММУНИСТИЧЕСКАЯ ПАРТИЯ РОССИЙСКОЙ ФЕДЕРАЦИИ,66045,10.1574,1128
Республика Крым,Политическая партия ЛДПР – Либерально-демократическая партия России,50983,7.841,1128
Республика Крым,"Политическая партия ""НОВЫЕ ЛЮДИ""",45618,7.0159,1128
Республика Крым,Социалистическая политическая партия СПРАВЕДЛИВАЯ РОССИЯ,36751,5.6521,1128
Республика Крым,ПАРТИЯ ПЕНСИОНЕРОВ,15007,2.308,1128
Республика Крым,"Политическая партия ""Российская экологическая партия ""ЗЕЛЁНЫЕ""",9450,1.4534,1128
Республика Крым,Политическая партия КОММУНИСТИЧЕСКАЯ ПАРТИЯ КОММУНИСТЫ РОССИИ,8090,1.2442,1128
Республика Крым,"ВСЕРОССИЙСКАЯ ПОЛИТИЧЕСКАЯ ПАРТИЯ ""РОДИНА""",6624,1.0187,1128
Республика Крым,"Политическая партия ""Партия прямой демократии""",3176,0.4885,1128
Республика Марий Эл,"Всероссийская политическая партия ""ЕДИНАЯ РОССИЯ""",71359,40.0655,495
Республика Марий Эл,КПРФ - политическая партия КОММУНИСТИЧЕСКАЯ ПАРТИЯ РОССИЙСКОЙ ФЕДЕРАЦИИ,61628,34.6019,495
Республика Марий Эл,Политическая партия ЛДПР – Либерально-демократическая партия России,15090,8.4725,495
Республика Марий Эл,"Политическая партия ""НОВЫЕ ЛЮДИ""",11883,6.6719,495
Республика Марий Эл,Социалистическая политическая партия СПРАВЕДЛИВАЯ РОССИЯ,7750,4.3513,495
Республика Марий Эл,ПАРТИЯ ПЕНСИОНЕРОВ,5746,3.2262,495
Республика Марий Эл,Политическая партия КОММУНИСТИЧЕСКАЯ ПАРТИЯ КОММУНИСТЫ РОССИИ,1610,0.904,495
Республика Марий Эл,"Политическая партия ""Российская экологическая партия ""ЗЕЛЁНЫЕ""",1325,0.7439,495
Республика Марий Эл,"ВСЕРОССИЙСКАЯ ПОЛИТИЧЕСКАЯ ПАРТИЯ ""РОДИНА""",1315,0.7383,495
Республика Марий Эл,"Политическая партия ""Партия прямой демократии""",400,0.2246,495
Республика Мордовия,"Всероссийская политическая партия ""ЕДИНАЯ РОССИЯ""",285992,69.8722,685
Республика Мордовия,КПРФ - политическая партия КОММУНИСТИЧЕСКАЯ ПАРТИЯ РОССИЙСКОЙ ФЕДЕРАЦИИ,39569,9.6673,685
Республика Мордовия,Политическая партия ЛДПР – Либерально-демократическая партия России,35719,8.7267,685
Республика Мордовия,"Политическая партия ""НОВЫЕ ЛЮДИ""",18863,4.6085,685
Республика Мордовия,Социалистическая политическая партия СПРАВЕДЛИВАЯ РОССИЯ,14004,3.4214,685
Республика Мордовия,ПАРТИЯ ПЕНСИОНЕРОВ,4573,1.1173,685
Республика Мордовия,"Политическая партия ""Российская экологическая партия ""ЗЕЛЁНЫЕ""",3256,0.7955,685
Республика Мордовия,Политическая партия КОММУНИСТИЧЕСКАЯ ПАРТИЯ КОММУНИСТЫ РОССИИ,2947,0.72,685
Республика Мордовия,"ВСЕРОССИЙСКАЯ ПОЛИТИЧЕСКАЯ ПАРТИЯ ""РОДИНА""",2625,0.6413,685
Республика Мордовия,"Политическая партия ""Партия прямой демократии""",1759,0.4298,685
Республика Саха (Якутия),"Всероссийская политическая партия ""ЕДИНАЯ РОССИЯ""",143729,43.9032,799
Республика Саха (Якутия),КПРФ - политическая партия КОММУНИСТИЧЕСКАЯ ПАРТИЯ РОССИЙСКОЙ ФЕДЕРАЦИИ,82622,25.2376,799
Республика Саха (Якутия),"Политическая партия ""НОВЫЕ ЛЮДИ""",38040,11.6196,799
Республика Саха (Якутия),Социалистическая политическая партия СПРАВЕДЛИВАЯ РОССИЯ,24345,7.4364,799
Республика Саха (Якутия),Политическая партия ЛДПР – Либерально-демократическая партия России,21467,6.5573,799
Республика Саха (Якутия),ПАРТИЯ ПЕНСИОНЕРОВ,6910,2.1107,799
Республика Саха (Якутия),Политическая партия КОММУНИСТИЧЕСКАЯ ПАРТИЯ КОММУНИСТЫ РОССИИ,4190,1.2799,799
Республика Саха (Якутия),"Политическая партия ""Российская экологическая партия ""ЗЕЛЁНЫЕ""",3794,1.1589,799
Республика Саха (Якутия),"ВСЕРОССИЙСКАЯ ПОЛИТИЧЕСКАЯ ПАРТИЯ ""РОДИНА""",1482,0.4527,799
Республика Саха (Якутия),"Политическая партия ""Партия прямой демократии""",798,0.2438,799
Республика Северная Осетия - Алания,"Всероссийская политическая партия ""ЕДИНАЯ РОССИЯ""",286208,65.9304,334
Республика Северная Осетия - Алания,Социалистическая политическая партия СПРАВЕДЛИВАЯ РОССИЯ,58665,13.514,334
Республика Северная Осетия - Алания,Политическая партия ЛДПР – Либерально-демократическая партия России,31100,7.1641,334
Республика Северная Осетия - Алания,КПРФ - политическая партия КОММУНИСТИЧЕСКАЯ ПАРТИЯ РОССИЙСКОЙ ФЕДЕРАЦИИ,28984,6.6767,334
Республика Северная Осетия - Алания,"Политическая партия ""НОВЫЕ ЛЮДИ""",22091,5.0888,334
Республика Северная Осетия - Алания,ПАРТИЯ ПЕНСИОНЕРОВ,2056,0.4736,334
Республика Северная Осетия - Алания,"ВСЕРОССИЙСКАЯ ПОЛИТИЧЕСКАЯ ПАРТИЯ ""РОДИНА""",1653,0.3808,334
Республика Северная Осетия - Алания,"Политическая партия ""Российская экологическая партия ""ЗЕЛЁНЫЕ""",1232,0.2838,334
Республика Северная Осетия - Алания,Политическая партия КОММУНИСТИЧЕСКАЯ ПАРТИЯ КОММУНИСТЫ РОССИИ,1103,0.2541,334
Республика Северная Осетия - Алания,"Политическая партия ""Партия прямой демократии""",1014,0.2336,334
Республика Татарстан (Татарстан),"Всероссийская политическая партия ""ЕДИНАЯ РОССИЯ""",1620281,72.6694,2742
Республика Татарстан (Татарстан),КПРФ - политическая партия КОММУНИСТИЧЕСКАЯ ПАРТИЯ РОССИЙСКОЙ ФЕДЕРАЦИИ,247926,11.1194,2742
Республика Татарстан (Татарстан),"Политическая партия ""НОВЫЕ ЛЮДИ""",154624,6.9349,2742
Республика Татарстан (Татарстан),Политическая партия ЛДПР – Либерально-демократическая партия России,101688,4.5607,2742
Республика Татарстан (Татарстан),Социалистическая политическая партия СПРАВЕДЛИВАЯ РОССИЯ,48692,2.1838,2742
Республика Татарстан (Татарстан),Политическая партия КОММУНИСТИЧЕСКАЯ ПАРТИЯ КОММУНИСТЫ РОССИИ,15782,0.7078,2742
Республика Татарстан (Татарстан),ПАРТИЯ ПЕНСИОНЕРОВ,15307,0.6865,2742
Республика Татарстан (Татарстан),"ВСЕРОССИЙСКАЯ ПОЛИТИЧЕСКАЯ ПАРТИЯ ""РОДИНА""",9412,0.4221,2742
Республика Татарстан (Татарстан),"Политическая партия ""Российская экологическая партия ""ЗЕЛЁНЫЕ""",8564,0.3841,2742
Республика Татарстан (Татарстан),"Политическая партия ""Партия прямой демократии""",7385,0.3312,2742
Республика Тыва,"Всероссийская политическая партия ""ЕДИНАЯ РОССИЯ""",151042,88.502,187
Республика Тыва,КПРФ - политическая партия КОММУНИСТИЧЕСКАЯ ПАРТИЯ РОССИЙСКОЙ ФЕДЕРАЦИИ,5983,3.5057,187
Республика Тыва,Политическая партия ЛДПР – Либерально-демократическая партия России,4653,2.7264,187
Республика Тыва,"Политическая партия ""НОВЫЕ ЛЮДИ""",3647,2.1369,187
Республика Тыва,Социалистическая политическая партия СПРАВЕДЛИВАЯ РОССИЯ,3405,1.9951,187
Республика Тыва,Политическая партия КОММУНИСТИЧЕСКАЯ ПАРТИЯ КОММУНИСТЫ РОССИИ,836,0.4898,187
Республика Тыва,ПАРТИЯ ПЕНСИОНЕРОВ,531,0.3111,187
Республика Тыва,"Политическая партия ""Российская экологическая партия ""ЗЕЛЁНЫЕ""",207,0.1213,187
Республика Тыва,"Политическая партия ""Партия прямой демократии""",190,0.1113,187
Республика Тыва,"ВСЕРОССИЙСКАЯ ПОЛИТИЧЕСКАЯ ПАРТИЯ ""РОДИНА""",171,0.1002,187
Республика Хакасия,"Всероссийская политическая партия ""ЕДИНАЯ РОССИЯ""",67158,41.4678,372
Республика Хакасия,КПРФ - политическая партия КОММУНИСТИЧЕСКАЯ ПАРТИЯ РОССИЙСКОЙ ФЕДЕРАЦИИ,43919,27.1185,372
Республика Хакасия,Политическая партия ЛДПР – Либерально-демократическая партия России,15266,9.4262,372
Республика Хакасия,"Политическая партия ""НОВЫЕ ЛЮДИ""",14886,9.1916,372
Республика Хакасия,Социалистическая политическая партия СПРАВЕДЛИВАЯ РОССИЯ,8286,5.1163,372
Республика Хакасия,ПАРТИЯ ПЕНСИОНЕРОВ,5275,3.2571,372
Республика Хакасия,"Политическая партия ""Российская экологическая партия ""ЗЕЛЁНЫЕ""",3247,2.0049,372
Республика Хакасия,Политическая партия КОММУНИСТИЧЕСКАЯ ПАРТИЯ КОММУНИСТЫ РОССИИ,2182,1.3473,372
Республика Хакасия,"ВСЕРОССИЙСКАЯ ПОЛИТИЧЕСКАЯ ПАРТИЯ ""РОДИНА""",1309,0.8083,372
Республика Хакасия,"Политическая партия ""Партия прямой демократии""",424,0.2618,372
Ростовская область,"Всероссийская политическая партия ""ЕДИНАЯ РОССИЯ""",1089330,59.5134,2507
Ростовская область,КПРФ - политическая партия КОММУНИСТИЧЕСКАЯ ПАРТИЯ РОССИЙСКОЙ ФЕДЕРАЦИИ,289555,15.8193,2507
Ростовская область,Политическая партия ЛДПР – Либерально-демократическая партия России,220722,12.0587,2507
Ростовская область,"Политическая партия ""НОВЫЕ ЛЮДИ""",99560,5.4393,2507
Ростовская область,Социалистическая политическая партия СПРАВЕДЛИВАЯ РОССИЯ,60877,3.3259,2507
Ростовская область,ПАРТИЯ ПЕНСИОНЕРОВ,23161,1.2654,2507
Ростовская область,Политическая партия КОММУНИСТИЧЕСКАЯ ПАРТИЯ КОММУНИСТЫ РОССИИ,15234,0.8323,2507
Ростовская область,"ВСЕРОССИЙСКАЯ ПОЛИТИЧЕСКАЯ ПАРТИЯ ""РОДИНА""",13581,0.742,2507
Ростовская область,"Политическая партия ""Российская экологическая партия ""ЗЕЛЁНЫЕ""",10859,0.5933,2507
Ростовская область,"Политическая партия ""Партия прямой демократии""",7517,0.4107,2507
Рязанская область,"Всероссийская политическая партия ""ЕДИНАЯ РОССИЯ""",295406,61.7062,960
Рязанская область,КПРФ - политическая партия КОММУНИСТИЧЕСКАЯ ПАРТИЯ РОССИЙСКОЙ ФЕДЕРАЦИИ,59185,12.3629,960
Рязанская область,Политическая партия ЛДПР – Либерально-демократическая партия России,43644,9.1166,960
Рязанская область,"Политическая партия ""НОВЫЕ ЛЮДИ""",30579,6.3875,960
Рязанская область,Социалистическая политическая партия СПРАВЕДЛИВАЯ РОССИЯ,23487,4.9061,960
Рязанская область,ПАРТИЯ ПЕНСИОНЕРОВ,12930,2.7009,960
Рязанская область,Политическая партия КОММУНИСТИЧЕСКАЯ ПАРТИЯ КОММУНИСТЫ РОССИИ,4174,0.8719,960
Рязанская область,"Политическая партия ""Российская экологическая партия ""ЗЕЛЁНЫЕ""",3961,0.8274,960
Рязанская область,"ВСЕРОССИЙСКАЯ ПОЛИТИЧЕСКАЯ ПАРТИЯ ""РОДИНА""",3588,0.7495,960
Рязанская область,"Политическая партия ""Партия прямой демократии""",1776,0.371,960
Самарская область,"Всероссийская политическая партия ""ЕДИНАЯ РОССИЯ""",739094,58.5389,1746
Самарская область,КПРФ - политическая партия КОММУНИСТИЧЕСКАЯ ПАРТИЯ РОССИЙСКОЙ ФЕДЕРАЦИИ,213172,16.884,1746
Самарская область,"Политическая партия ""НОВЫЕ ЛЮДИ""",102864,8.1472,1746
Самарская область,Политическая партия ЛДПР – Либерально-демократическая партия России,97863,7.7511,1746
Самарская область,Социалистическая политическая партия СПРАВЕДЛИВАЯ РОССИЯ,42812,3.3909,1746
Самарская область,ПАРТИЯ ПЕНСИОНЕРОВ,28118,2.227,1746
Самарская область,Политическая партия КОММУНИСТИЧЕСКАЯ ПАРТИЯ КОММУНИСТЫ РОССИИ,13994,1.1084,1746
Самарская область,"Политическая партия ""Российская экологическая партия ""ЗЕЛЁНЫЕ""",12084,0.9571,1746
Самарская область,"ВСЕРОССИЙСКАЯ ПОЛИТИЧЕСКАЯ ПАРТИЯ ""РОДИНА""",8149,0.6454,1746
Самарская область,"Политическая партия ""Партия прямой демократии""",4419,0.35,1746
Саратовская область,"Всероссийская политическая партия ""ЕДИНАЯ РОССИЯ""",769647,64.336,1647
Саратовская область,КПРФ - политическая партия КОММУНИСТИЧЕСКАЯ ПАРТИЯ РОССИЙСКОЙ ФЕДЕРАЦИИ,265463,22.1905,1647
Саратовская область,Политическая партия ЛДПР – Либерально-демократическая партия России,66643,5.5708,1647
Саратовская область,Социалистическая политическая партия СПРАВЕДЛИВАЯ РОССИЯ,62761,5.2463,1647
Саратовская область,"Политическая партия ""НОВЫЕ ЛЮДИ""",14625,1.2225,1647
Саратовская область,ПАРТИЯ ПЕНСИОНЕРОВ,4794,0.4007,1647
Саратовская область,Политическая партия КОММУНИСТИЧЕСКАЯ ПАРТИЯ КОММУНИСТЫ РОССИИ,4630,0.387,1647
Саратовская область,"ВСЕРОССИЙСКАЯ ПОЛИТИЧЕСКАЯ ПАРТИЯ ""РОДИНА""",3810,0.3185,1647
Саратовская область,"Политическая партия ""Российская экологическая партия ""ЗЕЛЁНЫЕ""",2288,0.1913,1647
Саратовская область,"Политическая партия ""Партия прямой демократии""",1632,0.1364,1647
Сахалинская область,"Всероссийская политическая партия ""ЕДИНАЯ РОССИЯ""",112477,62.4217,425
Сахалинская область,КПРФ - политическая партия КОММУНИСТИЧЕСКАЯ ПАРТИЯ РОССИЙСКОЙ ФЕДЕРАЦИИ,25499,14.1513,425
Сахалинская область,Политическая партия ЛДПР – Либерально-демократическая партия России,14168,7.8629,425
Сахалинская область,"Политическая партия ""НОВЫЕ ЛЮДИ""",12835,7.1231,425
Сахалинская область,Социалистическая политическая партия СПРАВЕДЛИВАЯ РОССИЯ,5431,3.0141,425
Сахалинская область,ПАРТИЯ ПЕНСИОНЕРОВ,4089,2.2693,425
Сахалинская область,"Политическая партия ""Российская экологическая партия ""ЗЕЛЁНЫЕ""",2000,1.1099,425
Сахалинская область,Политическая партия КОММУНИСТИЧЕСКАЯ ПАРТИЯ КОММУНИСТЫ РОССИИ,1819,1.0095,425
Сахалинская область,"ВСЕРОССИЙСКАЯ ПОЛИТИЧЕСКАЯ ПАРТИЯ ""РОДИНА""",1271,0.7054,425
Сахалинская область,"Политическая партия ""Партия прямой демократии""",600,0.333,425
Свердловская область,"Всероссийская политическая партия ""ЕДИНАЯ РОССИЯ""",499777,40.9253,2272
Свердловская область,КПРФ - политическая партия КОММУНИСТИЧЕСКАЯ ПАРТИЯ РОССИЙСКОЙ ФЕДЕРАЦИИ,252902,20.7094,2272
Свердловская область,"Политическая партия ""НОВЫЕ ЛЮДИ""",153708,12.5867,2272
Свердловская область,Политическая партия ЛДПР – Либерально-демократическая партия России,134398,11.0055,2272
Свердловская область,Социалистическая политическая партия СПРАВЕДЛИВАЯ РОССИЯ,105748,8.6594,2272
Свердловская область,ПАРТИЯ ПЕНСИОНЕРОВ,36194,2.9638,2272
Свердловская область,"Политическая партия ""Российская экологическая партия ""ЗЕЛЁНЫЕ""",12828,1.0504,2272
Свердловская область,Политическая партия КОММУНИСТИЧЕСКАЯ ПАРТИЯ КОММУНИСТЫ РОССИИ,12651,1.036,2272
Свердловская область,"ВСЕРОССИЙСКАЯ ПОЛИТИЧЕСКАЯ ПАРТИЯ ""РОДИНА""",9429,0.7721,2272
Свердловская область,"Политическая партия ""Партия прямой демократии""",3558,0.2914,2272
Смоленская область,"Всероссийская политическая партия ""ЕДИНАЯ РОССИЯ""",229064,69.794,632
Смоленская область,Политическая партия ЛДПР – Либерально-демократическая партия России,26995,8.2252,632
Смоленская область,КПРФ - политическая партия КОММУНИСТИЧЕСКАЯ ПАРТИЯ РОССИЙСКОЙ ФЕДЕРАЦИИ,26876,8.1889,632
Смоленская область,Социалистическая политическая партия СПРАВЕДЛИВАЯ РОССИЯ,21822,6.649,632
Смоленская область,"Политическая партия ""НОВЫЕ ЛЮДИ""",12897,3.9296,632
Смоленская область,ПАРТИЯ ПЕНСИОНЕРОВ,4309,1.3129,632
Смоленская область,"ВСЕРОССИЙСКАЯ ПОЛИТИЧЕСКАЯ ПАРТИЯ ""РОДИНА""",1896,0.5777,632
Смоленская область,Политическая партия КОММУНИСТИЧЕСКАЯ ПАРТИЯ КОММУНИСТЫ РОССИИ,1761,0.5366,632
Смоленская область,"Политическая партия ""Российская экологическая партия ""ЗЕЛЁНЫЕ""",1709,0.5207,632
Смоленская область,"Политическая партия ""Партия прямой демократии""",871,0.2654,632
Ставропольский край,"Всероссийская политическая партия ""ЕДИНАЯ РОССИЯ""",1043579,67.9439,1302
Ставропольский край,КПРФ - политическая партия КОММУНИСТИЧЕСКАЯ ПАРТИЯ РОССИЙСКОЙ ФЕДЕРАЦИИ,159756,10.4012,1302
Ставропольский край,"Политическая партия ""НОВЫЕ ЛЮДИ""",142416,9.2722,1302
Ставропольский край,Политическая партия ЛДПР – Либерально-демократическая партия России,109920,7.1565,1302
Ставропольский край,Социалистическая политическая партия СПРАВЕДЛИВАЯ РОССИЯ,50043,3.2581,1302
Ставропольский край,Политическая партия КОММУНИСТИЧЕСКАЯ ПАРТИЯ КОММУНИСТЫ РОССИИ,8009,0.5214,1302
Ставропольский край,ПАРТИЯ ПЕНСИОНЕРОВ,6955,0.4528,1302
Ставропольский край,"ВСЕРОССИЙСКАЯ ПОЛИТИЧЕСКАЯ ПАРТИЯ ""РОДИНА""",5695,0.3708,1302
Ставропольский край,"Политическая партия ""Российская экологическая партия ""ЗЕЛЁНЫЕ""",5185,0.3376,1302
Ставропольский край,"Политическая партия ""Партия прямой демократии""",4385,0.2855,1302
Тамбовская область,"Всероссийская политическая партия ""ЕДИНАЯ РОССИЯ""",298469,65.9479,809
Тамбовская область,КПРФ - политическая партия КОММУНИСТИЧЕСКАЯ ПАРТИЯ РОССИЙСКОЙ ФЕДЕРАЦИИ,58346,12.8918,809
Тамбовская область,Политическая партия ЛДПР – Либерально-демократическая партия России,30296,6.694,809
Тамбовская область,Социалистическая политическая партия СПРАВЕДЛИВАЯ РОССИЯ,23761,5.2501,809
Тамбовская область,"Политическая партия ""НОВЫЕ ЛЮДИ""",23219,5.1303,809
Тамбовская область,"ВСЕРОССИЙСКАЯ ПОЛИТИЧЕСКАЯ ПАРТИЯ ""РОДИНА""",8766,1.9369,809
Тамбовская область,ПАРТИЯ ПЕНСИОНЕРОВ,3849,0.8505,809
Тамбовская область,Политическая партия КОММУНИСТИЧЕСКАЯ ПАРТИЯ КОММУНИСТЫ РОССИИ,2387,0.5274,809
Тамбовская область,"Политическая партия ""Российская экологическая партия ""ЗЕЛЁНЫЕ""",2174,0.4804,809
Тамбовская область,"Политическая партия ""Партия прямой демократии""",1316,0.2908,809
Тверская область,"Всероссийская политическая партия ""ЕДИНАЯ РОССИЯ""",214278,47.8221,1092
Тверская область,КПРФ - политическая партия КОММУНИСТИЧЕСКАЯ ПАРТИЯ РОССИЙСКОЙ ФЕДЕРАЦИИ,78449,17.5081,1092
Тверская область,Политическая партия ЛДПР – Либерально-демократическая партия России,50924,11.3651,1092
Тверская область,"Политическая партия ""НОВЫЕ ЛЮДИ""",50097,11.1805,1092
Тверская область,Социалистическая политическая партия СПРАВЕДЛИВАЯ РОССИЯ,22399,4.999,1092
Тверская область,ПАРТИЯ ПЕНСИОНЕРОВ,17119,3.8206,1092
Тверская область,"Политическая партия ""Российская экологическая партия ""ЗЕЛЁНЫЕ""",4623,1.0318,1092
Тверская область,"ВСЕРОССИЙСКАЯ ПОЛИТИЧЕСКАЯ ПАРТИЯ ""РОДИНА""",4476,0.9989,1092
Тверская область,Политическая партия КОММУНИСТИЧЕСКАЯ ПАРТИЯ КОММУНИСТЫ РОССИИ,4381,0.9777,1092
Тверская область,"Политическая партия ""Партия прямой демократии""",1327,0.2962,1092
Территория за пределами РФ,"Всероссийская политическая партия ""ЕДИНАЯ РОССИЯ""",159825,59.6569,326
Территория за пределами РФ,"Политическая партия ""НОВЫЕ ЛЮДИ""",36502,13.6249,326
Территория за пределами РФ,КПРФ - политическая партия КОММУНИСТИЧЕСКАЯ ПАРТИЯ РОССИЙСКОЙ ФЕДЕРАЦИИ,28021,10.4592,326
Территория за пределами РФ,Социалистическая политическая партия СПРАВЕДЛИВАЯ РОССИЯ,15853,5.9174,326
Территория за пределами РФ,Политическая партия ЛДПР – Либерально-демократическая партия России,14046,5.2429,326
Территория за пределами РФ,ПАРТИЯ ПЕНСИОНЕРОВ,4229,1.5785,326
Территория за пределами РФ,"Политическая партия ""Российская экологическая партия ""ЗЕЛЁНЫЕ""",3820,1.4259,326
Территория за пределами РФ,Политическая партия КОММУНИСТИЧЕСКАЯ ПАРТИЯ КОММУНИСТЫ РОССИИ,2357,0.8798,326
Территория за пределами РФ,"ВСЕРОССИЙСКАЯ ПОЛИТИЧЕСКАЯ ПАРТИЯ ""РОДИНА""",1953,0.729,326
Территория за пределами РФ,"Политическая партия ""Партия прямой демократии""",1301,0.4856,326
Томская область,"Всероссийская политическая партия ""ЕДИНАЯ РОССИЯ""",84339,35.8961,728
Томская область,КПРФ - политическая партия КОММУНИСТИЧЕСКАЯ ПАРТИЯ РОССИЙСКОЙ ФЕДЕРАЦИИ,54984,23.4021,728
Томская область,"Политическая партия ""НОВЫЕ ЛЮДИ""",31325,13.3325,728
Томская область,Политическая партия ЛДПР – Либерально-демократическая партия России,28092,11.9564,728
Томская область,Социалистическая политическая партия СПРАВЕДЛИВАЯ РОССИЯ,21953,9.3436,728
Томская область,ПАРТИЯ ПЕНСИОНЕРОВ,6170,2.6261,728
Томская область,Политическая партия КОММУНИСТИЧЕСКАЯ ПАРТИЯ КОММУНИСТЫ РОССИИ,2800,1.1917,728
Томская область,"Политическая партия ""Российская экологическая партия ""ЗЕЛЁНЫЕ""",2609,1.1104,728
Томская область,"ВСЕРОССИЙСКАЯ ПОЛИТИЧЕСКАЯ ПАРТИЯ ""РОДИНА""",1935,0.8236,728
Томская область,"Политическая партия ""Партия прямой демократии""",746,0.3175,728
Тульская область,"Всероссийская политическая партия ""ЕДИНАЯ РОССИЯ""",309935,53.8855,1053
Тульская область,КПРФ - политическая партия КОММУНИСТИЧЕСКАЯ ПАРТИЯ РОССИЙСКОЙ ФЕДЕРАЦИИ,83445,14.5078,1053
Тульская область,Политическая партия ЛДПР – Либерально-демократическая партия России,53369,9.2788,1053
Тульская область,"Политическая партия ""НОВЫЕ ЛЮДИ""",46056,8.0073,1053
Тульская область,Социалистическая политическая партия СПРАВЕДЛИВАЯ РОССИЯ,42442,7.379,1053
Тульская область,ПАРТИЯ ПЕНСИОНЕРОВ,17850,3.1034,1053
Тульская область,Политическая партия КОММУНИСТИЧЕСКАЯ ПАРТИЯ КОММУНИСТЫ РОССИИ,7729,1.3438,1053
Тульская область,"ВСЕРОССИЙСКАЯ ПОЛИТИЧЕСКАЯ ПАРТИЯ ""РОДИНА""",5970,1.0379,1053
Тульская область,"Политическая партия ""Российская экологическая партия ""ЗЕЛЁНЫЕ""",4733,0.8229,1053
Тульская область,"Политическая партия ""Партия прямой демократии""",3644,0.6335,1053
Тюменская область,"Всероссийская политическая партия ""ЕДИНАЯ РОССИЯ""",486224,61.2047,1070
Тюменская область,КПРФ - политическая партия КОММУНИСТИЧЕСКАЯ ПАРТИЯ РОССИЙСКОЙ ФЕДЕРАЦИИ,93304,11.7449,1070
Тюменская область,Политическая партия ЛДПР – Либерально-демократическая партия России,91753,11.5496,1070
Тюменская область,"Политическая партия ""НОВЫЕ ЛЮДИ""",52205,6.5714,1070
Тюменская область,Социалистическая политическая партия СПРАВЕДЛИВАЯ РОССИЯ,44674,5.6235,1070
Тюменская область,ПАРТИЯ ПЕНСИОНЕРОВ,8894,1.1196,1070
Тюменская область,Политическая партия КОММУНИСТИЧЕСКАЯ ПАРТИЯ КОММУНИСТЫ РОССИИ,6637,0.8354,1070
Тюменская область,"Политическая партия ""Российская экологическая партия ""ЗЕЛЁНЫЕ""",4771,0.6006,1070
Тюменская область,"ВСЕРОССИЙСКАЯ ПОЛИТИЧЕСКАЯ ПАРТИЯ ""РОДИНА""",3545,0.4462,1070
Тюменская область,"Политическая партия ""Партия прямой демократии""",2416,0.3041,1070
Удмуртская Республика,"Всероссийская политическая партия ""ЕДИНАЯ РОССИЯ""",214134,46.52,1107
Удмуртская Республика,КПРФ - политическая партия КОММУНИСТИЧЕСКАЯ ПАРТИЯ РОССИЙСКОЙ ФЕДЕРАЦИИ,94396,20.5073,1107
Удмуртская Республика,Политическая партия ЛДПР – Либерально-демократическая партия России,50427,10.9551,1107
Удмуртская Республика,"Политическая партия ""НОВЫЕ ЛЮДИ""",47557,10.3316,1107
Удмуртская Республика,Социалистическая политическая партия СПРАВЕДЛИВАЯ РОССИЯ,24553,5.3341,1107
Удмуртская Республика,ПАРТИЯ ПЕНСИОНЕРОВ,15513,3.3702,1107
Удмуртская Республика,"Политическая партия ""Российская экологическая партия ""ЗЕЛЁНЫЕ""",4421,0.9605,1107
Удмуртская Республика,Политическая партия КОММУНИСТИЧЕСКАЯ ПАРТИЯ КОММУНИСТЫ РОССИИ,4262,0.9259,1107
Удмуртская Республика,"ВСЕРОССИЙСКАЯ ПОЛИТИЧЕСКАЯ ПАРТИЯ ""РОДИНА""",3707,0.8053,1107
Удмуртская Республика,"Политическая партия ""Партия прямой демократии""",1335,0.29,1107
Ульяновская область,"Всероссийская политическая партия ""ЕДИНАЯ РОССИЯ""",319805,51.4091,909
Ульяновская область,КПРФ - политическая партия КОММУНИСТИЧЕСКАЯ ПАРТИЯ РОССИЙСКОЙ ФЕДЕРАЦИИ,140082,22.5184,909
Ульяновская область,Политическая партия ЛДПР – Либерально-демократическая партия России,55545,8.9289,909
Ульяновская область,"Политическая партия ""НОВЫЕ ЛЮДИ""",51193,8.2294,909
Ульяновская область,Социалистическая политическая партия СПРАВЕДЛИВАЯ РОССИЯ,32265,5.1866,909
Ульяновская область,ПАРТИЯ ПЕНСИОНЕРОВ,9945,1.5987,909
Ульяновская область,"ВСЕРОССИЙСКАЯ ПОЛИТИЧЕСКАЯ ПАРТИЯ ""РОДИНА""",4368,0.7022,909
Ульяновская область,Политическая партия КОММУНИСТИЧЕСКАЯ ПАРТИЯ КОММУНИСТЫ РОССИИ,4185,0.6727,909
Ульяновская область,"Политическая партия ""Российская экологическая партия ""ЗЕЛЁНЫЕ""",3415,0.549,909
Ульяновская область,"Политическая партия ""Партия прямой демократии""",1275,0.205,909
Хабаровский край,"Всероссийская политическая партия ""ЕДИНАЯ РОССИЯ""",193233,49.6508,769
Хабаровский край,КПРФ - политическая партия КОММУНИСТИЧЕСКАЯ ПАРТИЯ РОССИЙСКОЙ ФЕДЕРАЦИИ,66150,16.9971,769
Хабаровский край,Политическая партия ЛДПР – Либерально-демократическая партия России,51308,13.1835,769
Хабаровский край,"Политическая партия ""НОВЫЕ ЛЮДИ""",32845,8.4395,769
Хабаровский край,Социалистическая политическая партия СПРАВЕДЛИВАЯ РОССИЯ,19371,4.9773,769
Хабаровский край,ПАРТИЯ ПЕНСИОНЕРОВ,12655,3.2517,769
Хабаровский край,"Политическая партия ""Российская экологическая партия ""ЗЕЛЁНЫЕ""",5272,1.3546,769
Хабаровский край,Политическая партия КОММУНИСТИЧЕСКАЯ ПАРТИЯ КОММУНИСТЫ РОССИИ,3980,1.0227,769
Хабаровский край,"ВСЕРОССИЙСКАЯ ПОЛИТИЧЕСКАЯ ПАРТИЯ ""РОДИНА""",2822,0.7251,769
Хабаровский край,"Политическая партия ""Партия прямой демократии""",1548,0.3978,769
Ханты-Мансийский автономный округ - Югра,"Всероссийская политическая партия ""ЕДИНАЯ РОССИЯ""",399746,56.2785,728
Ханты-Мансийский автономный округ - Югра,Политическая партия ЛДПР – Либерально-демократическая партия России,100106,14.0935,728
Ханты-Мансийский автономный округ - Югра,КПРФ - политическая партия КОММУНИСТИЧЕСКАЯ ПАРТИЯ РОССИЙСКОЙ ФЕДЕРАЦИИ,81224,11.4352,728
Ханты-Мансийский автономный округ - Югра,"Политическая партия ""НОВЫЕ ЛЮДИ""",55027,7.747,728
Ханты-Мансийский автономный округ - Югра,Социалистическая политическая партия СПРАВЕДЛИВАЯ РОССИЯ,36378,5.1215,728
Ханты-Мансийский автономный округ - Югра,ПАРТИЯ ПЕНСИОНЕРОВ,18515,2.6066,728
Ханты-Мансийский автономный округ - Югра,Политическая партия КОММУНИСТИЧЕСКАЯ ПАРТИЯ КОММУНИСТЫ РОССИИ,8905,1.2537,728
Ханты-Мансийский автономный округ - Югра,"Политическая партия ""Российская экологическая партия ""ЗЕЛЁНЫЕ""",4219,0.594,728
Ханты-Мансийский автономный округ - Югра,"ВСЕРОССИЙСКАЯ ПОЛИТИЧЕСКАЯ ПАРТИЯ ""РОДИНА""",4194,0.5905,728
Ханты-Мансийский автономный округ - Югра,"Политическая партия ""Партия прямой демократии""",1986,0.2796,728
Челябинская область,"Всероссийская политическая партия ""ЕДИНАЯ РОССИЯ""",638113,51.8959,2201
Челябинская область,Социалистическая политическая партия СПРАВЕДЛИВАЯ РОССИЯ,152679,12.4169,2201
Челябинская область,КПРФ - политическая партия КОММУНИСТИЧЕСКАЯ ПАРТИЯ РОССИЙСКОЙ ФЕДЕРАЦИИ,146179,11.8883,2201
Челябинская область,"Политическая партия ""НОВЫЕ ЛЮДИ""",114252,9.2918,2201
Челябинская область,Политическая партия ЛДПР – Либерально-демократическая партия России,105713,8.5973,2201
Челябинская область,ПАРТИЯ ПЕНСИОНЕРОВ,39046,3.1755,2201
Челябинская область,"Политическая партия ""Российская экологическая партия ""ЗЕЛЁНЫЕ""",11711,0.9524,2201
Челябинская область,Политическая партия КОММУНИСТИЧЕСКАЯ ПАРТИЯ КОММУНИСТЫ РОССИИ,9633,0.7834,2201
Челябинская область,"ВСЕРОССИЙСКАЯ ПОЛИТИЧЕСКАЯ ПАРТИЯ ""РОДИНА""",8321,0.6767,2201
Челябинская область,"Политическая партия ""Партия прямой демократии""",3956,0.3217,2201
Чеченская Республика,"Всероссийская политическая партия ""ЕДИНАЯ РОССИЯ""",776760,93.0469,541
Чеченская Республика,Политическая партия ЛДПР – Либерально-демократическая партия России,33466,4.0088,541
Чеченская Республика,Социалистическая политическая партия СПРАВЕДЛИВАЯ РОССИЯ,12630,1.5129,541
Чеченская Республика,КПРФ - политическая партия КОММУНИСТИЧЕСКАЯ ПАРТИЯ РОССИЙСКОЙ ФЕДЕРАЦИИ,4966,0.5949,541
Чеченская Республика,"Политическая партия ""НОВЫЕ ЛЮДИ""",3389,0.406,541
Чеченская Республика,ПАРТИЯ ПЕНСИОНЕРОВ,911,0.1091,541
Чеченская Республика,"ВСЕРОССИЙСКАЯ ПОЛИТИЧЕСКАЯ ПАРТИЯ ""РОДИНА""",805,0.0964,541
Чеченская Республика,Политическая партия КОММУНИСТИЧЕСКАЯ ПАРТИЯ КОММУНИСТЫ РОССИИ,731,0.0876,541
Чеченская Республика,"Политическая партия ""Партия прямой демократии""",657,0.0787,541
Чеченская Республика,"Политическая партия ""Российская экологическая партия ""ЗЕЛЁНЫЕ""",490,0.0587,541
Чувашская Республика - Чувашия,"Всероссийская политическая партия ""ЕДИНАЯ РОССИЯ""",182174,47.8952,890
Чувашская Республика - Чувашия,КПРФ - политическая партия КОММУНИСТИЧЕСКАЯ ПАРТИЯ РОССИЙСКОЙ ФЕДЕРАЦИИ,82667,21.7339,890
Чувашская Республика - Чувашия,Политическая партия ЛДПР – Либерально-демократическая партия России,32953,8.6636,890
Чувашская Республика - Чувашия,"Политическая партия ""НОВЫЕ ЛЮДИ""",29062,7.6407,890
Чувашская Республика - Чувашия,Социалистическая политическая партия СПРАВЕДЛИВАЯ РОССИЯ,25006,6.5743,890
Чувашская Республика - Чувашия,ПАРТИЯ ПЕНСИОНЕРОВ,17665,4.6443,890
Чувашская Республика - Чувашия,Политическая партия КОММУНИСТИЧЕСКАЯ ПАРТИЯ КОММУНИСТЫ РОССИИ,3572,0.9391,890
Чувашская Республика - Чувашия,"Политическая партия ""Российская экологическая партия ""ЗЕЛЁНЫЕ""",3376,0.8876,890
Чувашская Республика - Чувашия,"ВСЕРОССИЙСКАЯ ПОЛИТИЧЕСКАЯ ПАРТИЯ ""РОДИНА""",2781,0.7311,890
Чувашская Республика - Чувашия,"Политическая партия ""Партия прямой демократии""",1104,0.2903,890
Чукотский автономный округ,"Всероссийская политическая партия ""ЕДИНАЯ РОССИЯ""",12704,65.9503,54
Чукотский автономный округ,Политическая партия ЛДПР – Либерально-демократическая партия России,2285,11.8621,54
Чукотский автономный округ,КПРФ - политическая партия КОММУНИСТИЧЕСКАЯ ПАРТИЯ РОССИЙСКОЙ ФЕДЕРАЦИИ,1723,8.9446,54
Чукотский автономный округ,"Политическая партия ""НОВЫЕ ЛЮДИ""",893,4.6358,54
Чукотский автономный округ,Социалистическая политическая партия СПРАВЕДЛИВАЯ РОССИЯ,814,4.2257,54
Чукотский автономный округ,ПАРТИЯ ПЕНСИОНЕРОВ,366,1.9,54
Чукотский автономный округ,"Политическая партия ""Российская экологическая партия ""ЗЕЛЁНЫЕ""",151,0.7839,54
Чукотский автономный округ,"ВСЕРОССИЙСКАЯ ПОЛИТИЧЕСКАЯ ПАРТИЯ ""РОДИНА""",146,0.7579,54
Чукотский автономный округ,Политическая партия КОММУНИСТИЧЕСКАЯ ПАРТИЯ КОММУНИСТЫ РОССИИ,119,0.6178,54
Чукотский автономный округ,"Политическая партия ""Партия прямой демократии""",62,0.3219,54
Ямало-Ненецкий автономный округ,"Всероссийская политическая партия ""ЕДИНАЯ РОССИЯ""",201075,73.7525,221
Ямало-Ненецкий автономный округ,Политическая партия ЛДПР – Либерально-демократическая партия России,26658,9.7779,221
Ямало-Ненецкий автономный округ,КПРФ - политическая партия КОММУНИСТИЧЕСКАЯ ПАРТИЯ РОССИЙСКОЙ ФЕДЕРАЦИИ,22140,8.1207,221
Ямало-Ненецкий автономный округ,"Политическая партия ""НОВЫЕ ЛЮДИ""",9784,3.5887,221
Ямало-Ненецкий автономный округ,Социалистическая политическая партия СПРАВЕДЛИВАЯ РОССИЯ,8294,3.0422,221
Ямало-Ненецкий автономный округ,ПАРТИЯ ПЕНСИОНЕРОВ,1144,0.4196,221
Ямало-Ненецкий автономный округ,Политическая партия КОММУНИСТИЧЕСКАЯ ПАРТИЯ КОММУНИСТЫ РОССИИ,975,0.3576,221
Ямало-Ненецкий автономный округ,"Политическая партия ""Российская экологическая партия ""ЗЕЛЁНЫЕ""",894,0.3279,221
Ямало-Ненецкий автономный округ,"ВСЕРОССИЙСКАЯ ПОЛИТИЧЕСКАЯ ПАРТИЯ ""РОДИНА""",890,0.3264,221
Ямало-Ненецкий автономный округ,"Политическая партия ""Партия прямой демократии""",781,0.2865,221
Ярославская область,"Всероссийская политическая партия ""ЕДИНАЯ РОССИЯ""",112795,34.6033,840
Ярославская область,КПРФ - политическая партия КОММУНИСТИЧЕСКАЯ ПАРТИЯ РОССИЙСКОЙ ФЕДЕРАЦИИ,70149,21.5203,840
Ярославская область,"Политическая партия ""НОВЫЕ ЛЮДИ""",44202,13.5603,840
Ярославская область,Политическая партия ЛДПР – Либерально-демократическая партия России,37617,11.5402,840
Ярославская область,Социалистическая политическая партия СПРАВЕДЛИВАЯ РОССИЯ,35282,10.8238,840
Ярославская область,ПАРТИЯ ПЕНСИОНЕРОВ,13708,4.2053,840
Ярославская область,"Политическая партия ""Российская экологическая партия ""ЗЕЛЁНЫЕ""",5135,1.5753,840
Ярославская область,Политическая партия КОММУНИСТИЧЕСКАЯ ПАРТИЯ КОММУНИСТЫ РОССИИ,3184,0.9768,840
Ярославская область,"ВСЕРОССИЙСКАЯ ПОЛИТИЧЕСКАЯ ПАРТИЯ ""РОДИНА""",3084,0.9461,840
Ярославская область,"Политическая партия ""Партия прямой демократии""",810,0.2485,840
город Москва,"Всероссийская политическая партия ""ЕДИНАЯ РОССИЯ""",424294,45.2077,1443
город Москва,КПРФ - политическая партия КОММУНИСТИЧЕСКАЯ ПАРТИЯ РОССИЙСКОЙ ФЕДЕРАЦИИ,197592,21.053,1443
город Москва,"Политическая партия ""НОВЫЕ ЛЮДИ""",127049,13.5368,1443
город Москва,Политическая партия ЛДПР – Либерально-демократическая партия России,88753,9.4565,1443
город Москва,Социалистическая политическая партия СПРАВЕДЛИВАЯ РОССИЯ,40976,4.3659,1443
город Москва,"Политическая партия ""Российская экологическая партия ""ЗЕЛЁНЫЕ""",20019,2.133,1443
город Москва,ПАРТИЯ ПЕНСИОНЕРОВ,17639,1.8794,1443
город Москва,Политическая партия КОММУНИСТИЧЕСКАЯ ПАРТИЯ КОММУНИСТЫ РОССИИ,9757,1.0396,1443
город Москва,"ВСЕРОССИЙСКАЯ ПОЛИТИЧЕСКАЯ ПАРТИЯ ""РОДИНА""",7533,0.8026,1443
город Москва,"Политическая партия ""Партия прямой демократии""",4932,0.5255,1443
город Санкт-Петербург,"Всероссийская политическая партия ""ЕДИНАЯ РОССИЯ""",1197756,55.0624,2152
город Санкт-Петербург,"Политическая партия ""НОВЫЕ ЛЮДИ""",259377,11.9239,2152
город Санкт-Петербург,Политическая партия ЛДПР – Либерально-демократическая партия России,246011,11.3095,2152
город Санкт-Петербург,КПРФ - политическая партия КОММУНИСТИЧЕСКАЯ ПАРТИЯ РОССИЙСКОЙ ФЕДЕРАЦИИ,226943,10.4329,2152
город Санкт-Петербург,"Политическая партия ""Российская экологическая партия ""ЗЕЛЁНЫЕ""",103802,4.7719,2152
город Санкт-Петербург,Социалистическая политическая партия СПРАВЕДЛИВАЯ РОССИЯ,78116,3.5911,2152
город Санкт-Петербург,ПАРТИЯ ПЕНСИОНЕРОВ,21101,0.97,2152
город Санкт-Петербург,Политическая партия КОММУНИСТИЧЕСКАЯ ПАРТИЯ КОММУНИСТЫ РОССИИ,15203,0.6989,2152
город Санкт-Петербург,"ВСЕРОССИЙСКАЯ ПОЛИТИЧЕСКАЯ ПАРТИЯ ""РОДИНА""",14588,0.6706,2152
город Санкт-Петербург,"Политическая партия ""Партия прямой демократии""",12372,0.5688,2152
город Севастополь,"Всероссийская политическая партия ""ЕДИНАЯ РОССИЯ""",134270,59.1774,212
город Севастополь,"Политическая партия ""НОВЫЕ ЛЮДИ""",26065,11.4877,212
город Севастополь,КПРФ - политическая партия КОММУНИСТИЧЕСКАЯ ПАРТИЯ РОССИЙСКОЙ ФЕДЕРАЦИИ,24806,10.9329,212
город Севастополь,Политическая партия ЛДПР – Либерально-демократическая партия России,16881,7.44,212
город Севастополь,Социалистическая политическая партия СПРАВЕДЛИВАЯ РОССИЯ,16869,7.4347,212
город Севастополь,ПАРТИЯ ПЕНСИОНЕРОВ,2594,1.1433,212
город Севастополь,"ВСЕРОССИЙСКАЯ ПОЛИТИЧЕСКАЯ ПАРТИЯ ""РОДИНА""",1785,0.7867,212
город Севастополь,"Политическая партия ""Российская экологическая партия ""ЗЕЛЁНЫЕ""",1477,0.651,212
город Севастополь,Политическая партия КОММУНИСТИЧЕСКАЯ ПАРТИЯ КОММУНИСТЫ РОССИИ,1432,0.6311,212
город Севастополь,"Политическая партия ""Партия прямой демократии""",715,0.3151,212
