Регион,УИК_в_каталоге,Учтено_партийных_протоколов,Неучтённых_УИК,Избирателей_в_списках_учтённых_УИК,Бюллетеней_в_ящиках,Действительных,Недействительных,Бюллетеней_от_числа_избирателей_%
Алтайский край,1675,1675,0,1477307,540785,525629,15156,36.6061
Амурская область,717,717,0,604406,338895,332096,6799,56.0708
Архангельская область,767,767,0,750901,284236,276969,7267,37.8527
Астраханская область,576,576,0,701294,402812,396864,5948,57.4384
Белгородская область,1247,1247,0,1128552,708213,699714,8499,62.7541
Брянская область,1025,1025,0,933832,742389,735114,7275,79.4992
Владимирская область,943,943,0,978144,423392,414180,9212,43.2852
Волгоградская область,1402,1402,0,1749831,1191156,1183318,7838,68.0726
Вологодская область,909,909,0,837675,382264,373198,9066,45.6339
Воронежская область,1698,1698,0,1793655,1349483,1336047,13436,75.2365
Город Байконур (Республика Казахстан),7,7,0,12146,5612,5446,166,46.2045
Донецкая Народная Республика,764,0,764,0,0,0,0,
Еврейская автономная область,163,163,0,112938,64371,62895,1476,56.9968
Забайкальский край,810,810,0,734201,309133,299047,10086,42.1047
Запорожская область,659,0,659,0,0,0,0,
Ивановская область,706,706,0,748580,420286,414413,5873,56.1444
Иркутская область,1895,1895,0,1817260,703906,682055,21851,38.7345
Кабардино-Балкарская Республика,354,354,0,552964,468689,468183,506,84.7594
Калининградская область,599,599,0,772565,368955,359436,9519,47.7571
Калужская область,705,705,0,709041,321386,312518,8868,45.3269
Камчатский край,320,320,0,227813,111257,108488,2769,48.837
Карачаево-Черкесская Республика,251,251,0,299986,255230,254159,1071,85.0806
Кемеровская область - Кузбасс,1515,1515,0,1843109,1285997,1267441,18556,69.7732
Кировская область,1105,1105,0,978735,491378,478934,12444,50.2054
Костромская область,451,451,0,456525,197499,193856,3643,43.2614
Краснодарский край,2873,2873,0,4489742,3116193,3094296,21897,69.407
Красноярский край,2045,2045,0,2039819,1024427,992985,31442,50.2215
Курганская область,772,772,0,588858,337100,329899,7201,57.2464
Курская область,884,884,0,899225,518647,508175,10472,57.6771
Ленинградская область,1020,1020,0,1434110,895397,878368,17029,62.4357
Липецкая область,820,820,0,782304,388025,379904,8121,49.6003
Луганская Народная Республика,651,0,651,0,0,0,0,
Магаданская область,93,93,0,90646,47737,46904,833,52.6631
Московская область,3977,3977,0,5483685,2598346,2560915,37431,47.3832
Мурманская область,555,555,0,459810,208904,202945,5959,45.4327
Ненецкий автономный округ,59,59,0,34526,15852,15430,422,45.9132
Нижегородская область,2311,2311,0,2314309,1365157,1348944,16213,58.9877
Новгородская область,521,521,0,413044,156020,151083,4937,37.7732
Новосибирская область,1766,1766,0,2017705,781558,758967,22591,38.735
Омская область,1662,1662,0,1426088,652889,629741,23148,45.7818
Оренбургская область,1382,1382,0,1461239,835937,823030,12907,57.2074
Орловская область,672,672,0,579880,317629,309057,8572,54.775
Пензенская область,945,945,0,980572,591650,586224,5426,60.3372
Пермский край,1778,1778,0,1813371,785211,762556,22655,43.3012
Приморский край,1476,1476,0,1405090,898813,887239,11574,63.9684
Псковская область,571,571,0,441343,210694,206880,3814,47.7393
Республика Адыгея (Адыгея),266,266,0,338821,268912,266085,2827,79.367
Республика Алтай,235,235,0,133359,47409,46229,1180,35.5499
Республика Башкортостан,3250,3250,0,2925990,2301953,2286128,15825,78.6726
Республика Бурятия,833,833,0,679725,338846,331422,7424,49.8505
Республика Дагестан,1726,1726,0,1736564,1592065,1587828,4237,91.679
Республика Ингушетия,143,143,0,259513,236342,235104,1238,91.0714
Республика Калмыкия,225,225,0,197977,102463,101493,970,51.755
Республика Карелия,473,473,0,465779,186983,177791,9192,40.1441
Республика Коми,581,581,0,533099,242418,236526,5892,45.4734
Республика Крым,1128,1128,0,1449727,667952,650213,17739,46.0743
Республика Марий Эл,495,495,0,439444,182027,178106,3921,41.4221
Республика Мордовия,685,685,0,553276,413139,409307,3832,74.6714
Республика Саха (Якутия),799,799,0,654083,334071,327377,6694,51.0747
Республика Северная Осетия - Алания,334,334,0,513912,439519,434106,5413,85.5242
Республика Татарстан (Татарстан),2742,2742,0,2934673,2249487,2229661,19826,76.652
Республика Тыва,187,187,0,207596,171125,170665,460,82.4317
Республика Хакасия,372,372,0,387407,166874,161952,4922,43.0746
Ростовская область,2507,2507,0,2846302,1847096,1830396,16700,64.8946
Рязанская область,960,960,0,856624,484075,478730,5345,56.5096
Самарская область,1746,1746,0,2356322,1293312,1262569,30743,54.8869
Саратовская область,1647,1647,0,1816678,1200411,1196293,4118,66.0773
Сахалинская область,425,425,0,378297,184373,180189,4184,48.7376
Свердловская область,2272,2272,0,2951418,1258890,1221193,37697,42.6537
Смоленская область,632,632,0,605600,334519,328200,6319,55.2376
Ставропольский край,1302,1302,0,1903667,1551264,1535943,15321,81.4882
Тамбовская область,809,809,0,766663,457676,452583,5093,59.6972
Тверская область,1092,1092,0,985520,458752,448073,10679,46.5492
Территория за пределами РФ,326,326,0,275365,274695,267907,6788,99.7567
Томская область,728,728,0,651195,242326,234953,7373,37.2125
Тульская область,1053,1053,0,1108320,585268,575173,10095,52.8068
Тюменская область,1070,1070,0,1193157,801851,794423,7428,67.2041
Удмуртская Республика,1107,1107,0,1020668,469372,460305,9067,45.9867
Ульяновская область,909,909,0,917464,631341,622078,9263,68.8137
Хабаровский край,769,769,0,941174,401244,389184,12060,42.6323
Ханты-Мансийский автономный округ - Югра,728,728,0,1166211,726031,710300,15731,62.2555
Херсонская область,175,0,175,0,0,0,0,
Челябинская область,2201,2201,0,2368804,1259327,1229603,29724,53.163
Чеченская Республика,541,541,0,878224,835278,834805,473,95.1099
Чувашская Республика - Чувашия,890,890,0,735743,390080,380360,9720,53.0185
Чукотский автономный округ,54,54,0,34013,20256,19263,993,59.5537
Ямало-Ненецкий автономный округ,221,221,0,368303,274977,272635,2342,74.6605
Ярославская область,840,840,0,893641,333317,325966,7351,37.2988
город Москва,1443,1443,0,4700141,959601,938544,21057,20.4164
город Санкт-Петербург,2152,2152,0,4093690,2204608,2175269,29339,53.8538
город Севастополь,212,212,0,362476,229550,226894,2656,63.3283
