Регион,Округ,Лидер_по_собранным_голосам,ID_кандидата,Голосов_лидера,Доля_собранных_голосов_%,Второй_кандидат,Голосов_второго,Отрыв,УИК_в_каталоге,Учтено_УИК,Статус
Алтайский край,Алтайский край – Барнаульский,Бессарабов Даниил Владимирович,6ca88c33-2dfd-43a6-8cff-2b41921c27f8,69198,40.8267,Чернобай Андрей Борисович,34095,35103,564,564,Предварительный лидер; официальный мандат не определён
Алтайский край,Алтайский край – Бийский,Лоор Иван Иванович,8a1d4c87-cfd2-44bb-80fb-b81621114117,58325,35.7038,Арцибашев Антон Игоревич,35196,23129,522,522,Предварительный лидер; официальный мандат не определён
Алтайский край,Алтайский край – Славгородский,Голобородько Денис Александрович,1ae74c78-21a6-49b3-8767-ae88302e25f0,72649,39.8877,Клюшникова Людмила Викторовна,29046,43603,589,589,Предварительный лидер; официальный мандат не определён
Амурская область,Амурская область – Амурский,Логинов Вячеслав Юрьевич,6bdb7442-9562-4f64-a108-195488488e22,175214,56.1736,Кобызов Роман Александрович,42869,132345,717,717,Предварительный лидер; официальный мандат не определён
Архангельская область,Архангельская область – Архангельский,Арсентьев Игорь Валентинович,33d0d972-b9e1-4881-98eb-705f4ed68780,47933,36.9756,Гревцов Александр Викторович,23670,24263,354,354,Предварительный лидер; официальный мандат не определён
Архангельская область,Архангельская область – Котласский,Харченко Мария Борисовна,fb01297a-0b45-4f2e-962d-b302c65d9bdb,36287,26.5584,Ивашина Наталья Вячеславовна,31187,5100,413,413,Предварительный лидер; официальный мандат не определён
Астраханская область,Астраханская область – Астраханский,Аюпов Ринат Зайдулаевич,c6251b5b-29e7-49ee-a912-f21a50f53986,204843,51.7772,Щербаков Тимофей Александрович,62970,141873,576,576,Предварительный лидер; официальный мандат не определён
Белгородская область,Белгородская область – Белгородский,Румянцев Никита Геннадьевич,49441156-4e62-4fc8-beb4-5e6d9c79960a,174618,56.1231,Гукова Ирина Николаевна,42982,131636,573,573,Предварительный лидер; официальный мандат не определён
Белгородская область,Белгородская область – Старооскольский,Скоч Андрей Владимирович,648fd710-dc20-4930-b5d7-d668c9eaef2a,241899,78.0012,Криводеров Юрий Николаевич,21988,219911,674,674,Предварительный лидер; официальный мандат не определён
Брянская область,Брянская область – Брянский,Щеглов Николай Михайлович,cd639097-00df-4328-84dc-032f206d3c49,218239,62.462,Архицкий Андрей Георгиевич,52046,166193,550,550,Предварительный лидер; официальный мандат не определён
Брянская область,Брянская область – Унечский,Матыцин Олег Васильевич,9a7ef02b-46be-46fe-8e4f-ddc18fc13642,239089,65.8069,Фирсов Игорь Валерьевич,32865,206224,475,475,Предварительный лидер; официальный мандат не определён
Владимирская область,Владимирская область – Владимирский,Игошин Игорь Николаевич,d4240da0-a6f2-433a-9297-b89eaeb0fbd0,144600,66.4434,Серебров Вадим Анатольевич,31125,113475,496,496,Предварительный лидер; официальный мандат не определён
Владимирская область,Владимирская область – Суздальский,Аникеев Григорий Викторович,b18b6d48-8ac5-4451-b3a8-b4109e7c87cd,112337,59.2345,Ростовцев Иван Александрович,29810,82527,447,447,Предварительный лидер; официальный мандат не определён
Волгоградская область,Волгоградская область – Волгоградский,Николаев Николай Михайлович,bbee33b0-11f8-4dae-a620-381d49fc0594,212317,54.857,Шевченко Андрей Сергеевич,64899,147418,488,488,Предварительный лидер; официальный мандат не определён
Волгоградская область,Волгоградская область – Волжский,Лихачев Виталий Викторович,360eba83-d2be-4b02-b5c1-79b1fe3c105a,197714,56.3906,Усков Денис Вячеславович,56134,141580,348,348,Предварительный лидер; официальный мандат не определён
Волгоградская область,Волгоградская область – Михайловский,Гимбатов Андрей Петрович,66e8c6c3-8c59-4c3e-89e4-c45ccb40c9fe,217351,52.5377,Могильный Валерий Федорович,81840,135511,566,566,Предварительный лидер; официальный мандат не определён
Вологодская область,Вологодская область – Вологодский,Селянин Сергей Леонидович,d5be0860-ad75-40a0-901c-679cb0235e93,71842,35.8146,Ершов Олег Александрович,36610,35232,496,496,Предварительный лидер; официальный мандат не определён
Вологодская область,Вологодская область – Череповецкий,Грачева Светлана Анатольевна,164df171-9699-4793-a1ed-cef8b9363ed9,43849,26.5207,Морозов Александр Николаевич,42605,1244,413,413,Предварительный лидер; официальный мандат не определён
Воронежская область,Воронежская область – Аннинский,Чижов Сергей Викторович,03d6d6f9-267e-41d6-a011-45224a1127e7,289850,70.1208,Шабунин Александр Николаевич,44762,245088,547,547,Предварительный лидер; официальный мандат не определён
Воронежская область,Воронежская область – Воронежский,Пономарев Аркадий Николаевич,c800ebbf-6007-4dc5-a56b-0160ac4ac15b,239773,60.6916,Коломенцев Денис Витальевич,52153,187620,491,491,Предварительный лидер; официальный мандат не определён
Воронежская область,Воронежская область – Павловский,Гордеев Алексей Васильевич,b9e24d54-9d38-473d-b9bf-2ae374abb0d7,417708,85.4812,Рослик Денис Викторович,28874,388834,660,660,Предварительный лидер; официальный мандат не определён
Еврейская автономная область,Еврейская автономная область – Еврейский,Башанкаев Бадма Николаевич,f4ef3dc4-f194-4fa7-a187-ee6f28b915e8,35443,57.2197,Конопаткин Евгений Григорьевич,9574,25869,163,163,Предварительный лидер; официальный мандат не определён
Забайкальский край,Забайкальский край – Забайкальский,Секержитская Марина Анатольевна,8f41c2cc-6f82-4edc-955b-e0a46ec15557,102179,35.2821,Григорьев Юрий Иннокентьевич,28550,73629,810,810,Предварительный лидер; официальный мандат не определён
Ивановская область,Ивановская область – Ивановский,Дроздов Виталий Алексеевич,906a3854-57af-45eb-bb36-30ea195119e8,246240,59.9806,Бойков Александр Дмитриевич,69524,176716,706,706,Предварительный лидер; официальный мандат не определён
Иркутская область,Иркутская область – Ангарский,Логунов Вадим Дмитриевич,b56c993e-098c-4545-8743-db225cbcede9,65207,39.0964,Ахмадулин Андрей Фанисович,26865,38342,405,405,Предварительный лидер; официальный мандат не определён
Иркутская область,Иркутская область – Братский,Новицкий Олег Викторович,88a7ac94-20a6-4583-a8a3-f071bc6b134b,42946,31.4429,Антоненков Андрей Валерьевич,31794,11152,420,420,Предварительный лидер; официальный мандат не определён
Иркутская область,Иркутская область – Иркутский,Якубовский Александр Владимирович,8e04ecc1-b308-41e2-9ab3-b470797a2165,59137,33.9967,Файзулин Евгений Ревович,22670,36467,528,528,Предварительный лидер; официальный мандат не определён
Иркутская область,Иркутская область – Шелеховский,Тен Сергей Юрьевич,ed553ac3-7d56-436b-9de1-55b3b136f94d,79093,45.8813,Сумароков Илья Павлович,30804,48289,542,542,Предварительный лидер; официальный мандат не определён
Кабардино-Балкарская Республика,Кабардино-Балкарская Республика – Кабардино-Балкарский,Шхагошев Адальби Люлевич,2a60247e-a43c-42dd-9916-e470c04137a2,321731,68.8473,Паштов Борис Султанович,73734,247997,354,354,Предварительный лидер; официальный мандат не определён
Калининградская область,Калининградская область – Калининградский,Козлов Андрей Владимирович,1983ad4c-21c9-44d2-b98b-653b06323afe,90421,49.1533,Буланов Максим Васильевич,30681,59740,291,291,Предварительный лидер; официальный мандат не определён
Калининградская область,Калининградская область – Центральный,Оргеева Марина Эдуардовна,eb5bfbf0-4f13-45a4-af84-3f74a8eeba75,79879,49.1294,Рябцев Владислав Альбертович,15710,64169,308,308,Предварительный лидер; официальный мандат не определён
Калужская область,Калужская область – Калужский,Скляр Геннадий Иванович,b00c6fb9-1dbb-40d9-9c7e-a11308d3c4a5,123257,40.3764,Яшкин Николай Иванович,63225,60032,705,705,Предварительный лидер; официальный мандат не определён
Камчатский край,Камчатский край – Камчатский,Яровая Ирина Анатольевна,79aeeb71-ee98-475f-b8c4-51a2e9d2fc22,75659,74.0941,Литвинов Роман Демьянович,12321,63338,320,320,Предварительный лидер; официальный мандат не определён
Карачаево-Черкесская Республика,Карачаево-Черкесская Республика – Карачаево-Черкесский,Узденов Солтан Джашарбекович,72c6eabf-81a8-4f90-91e5-94cf4bcafba8,185713,73.5879,Бытдаев Кемал Курманович,33327,152386,251,251,Предварительный лидер; официальный мандат не определён
Кемеровская область - Кузбасс,Кемеровская область – Кузбасс – Заводский,Федяев Павел Михайлович,049b8c4f-f286-412f-8db2-7b3e1d2df553,227162,69.7683,Рудниченко Ярослав Олегович,32241,194921,399,399,Предварительный лидер; официальный мандат не определён
Кемеровская область - Кузбасс,Кемеровская область – Кузбасс – Кемеровский,Горелкин Антон Вадимович,17a276d8-efe4-4b8a-ab7b-3fc2aef6a169,226420,69.8853,Николаев Артем Владиславович,27456,198964,456,456,Предварительный лидер; официальный мандат не определён
Кемеровская область - Кузбасс,Кемеровская область – Кузбасс – Новокузнецкий,Матвейчев Олег Анатольевич,c5aa455d-fb83-4d96-ac7c-d9903557e18e,193348,62.8273,Бураков Леонид Васильевич,39948,153400,307,307,Предварительный лидер; официальный мандат не определён
Кемеровская область - Кузбасс,Кемеровская область – Кузбасс – Прокопьевский,Петров Вячеслав Анатольевич,89ebf803-b4cb-44c0-bfce-8ffa3b0770ac,209320,69.476,Правдин Кирилл Дмитриевич,28975,180345,353,353,Предварительный лидер; официальный мандат не определён
Кировская область,Кировская область – Кирово-Чепецкий,Березин Андрей Олегович,cbcb61f9-f00f-428e-8e24-82d6c90787db,85760,35.0539,Альминова Анна Александровна,47468,38292,563,563,Предварительный лидер; официальный мандат не определён
Кировская область,Кировская область – Кировский,Веснин Борис Геннадьевич,b4d3db45-0f4b-40cc-92fb-ccd308534f69,90734,40.9006,Мамаев Сергей Павлинович,41409,49325,542,542,Предварительный лидер; официальный мандат не определён
Костромская область,Костромская область – Костромской,Анохин Алексей Алексеевич,58f2b2f7-8cf3-435b-8490-d4dc23fb8fcf,98587,51.3022,Ижицкий Валерий Петрович,36737,61850,451,451,Предварительный лидер; официальный мандат не определён
Краснодарский край,Краснодарский край – Восточный,Езубов Алексей Петрович,df425fb2-455e-4127-b6d2-d15a667b02ac,309907,73.6338,Варлашкин Эдуард Геннадьевич,42512,267395,416,416,Предварительный лидер; официальный мандат не определён
Краснодарский край,Краснодарский край – Западный,Демченко Иван Иванович,6014e14f-d571-4196-86e1-d8f9295e9c49,354399,87.1601,Игнатов Игорь Борисович,24867,329532,327,327,Предварительный лидер; официальный мандат не определён
Краснодарский край,Краснодарский край – Северный,Лоцманов Дмитрий Николаевич,a7bc5190-c41f-4f0d-a815-a1967bc4d54f,218405,63.9018,Пикта Павел Евгеньевич,39871,178534,347,347,Предварительный лидер; официальный мандат не определён
Краснодарский край,Краснодарский край – Северо-Западный,Ламейкин Дмитрий Викторович,7b59b4cb-0757-406d-92a6-4d78c702f06a,160203,57.1692,Шибалкин Игорь Владимирович,43911,116292,239,239,Предварительный лидер; официальный мандат не определён
Краснодарский край,Краснодарский край – Центральный,Брагарник Игорь Самуилович,a03ebdcf-703c-425b-bb25-e6119cb829a8,181958,62.8156,Жилищиков Иван Андреевич,51636,130322,257,257,Предварительный лидер; официальный мандат не определён
Краснодарский край,Краснодарский край – Черноморский,Алтухов Сергей Викторович,9bc7956f-1470-4a54-84d6-473af53b6151,197365,60.3481,Пронькин Виталий Владимирович,52354,145011,303,303,Предварительный лидер; официальный мандат не определён
Краснодарский край,Краснодарский край – Юго-Восточный,Штаничев Алексей Васильевич,1f200f88-d83c-45ce-806a-fca5632f62c5,231240,65.3303,Дедочев Роман Иванович,54669,176571,364,364,Предварительный лидер; официальный мандат не определён
Краснодарский край,Краснодарский край – Юго-Западный,Головченко Галина Александровна,53aa2b4b-2308-4abb-b336-094c58683693,197480,68.466,Сафронов Александр Михайлович,49061,148419,263,263,Предварительный лидер; официальный мандат не определён
Краснодарский край,Краснодарский край – Южный,Затулин Константин Федорович,22e0a415-0497-44e0-8af2-d61b3f213f9c,161879,47.4414,Жиронкин Владислав Александрович,67841,94038,357,357,Предварительный лидер; официальный мандат не определён
Красноярский край,Красноярский край – Дивногорский,Еремин Сергей Васильевич,5597178a-4aa1-450d-9fbd-601646e4d162,113426,43.7319,Исаев Валерий Андреевич,46837,66589,612,612,Предварительный лидер; официальный мандат не определён
Красноярский край,Красноярский край – Енисейский,Грачёв Андрей Михайлович,2f4a7c73-4336-4907-a55f-fb510588aea6,101805,46.6027,Родикова Елена Сергеевна,26992,74813,631,631,Предварительный лидер; официальный мандат не определён
Красноярский край,Красноярский край – Красноярский,Ликонцев Олег Валерьевич,11e8efd6-1d2a-4939-a8e7-f82662577d81,71886,32.9376,Золотухин Максим Анатольевич,46890,24996,442,442,Предварительный лидер; официальный мандат не определён
Красноярский край,Красноярский край – Центральный,Дроздов Александр Сергеевич,0d7408ad-6bb7-40fb-a30a-948fad4921b9,86040,34.4642,Саттаров Николай Степанович,35199,50841,360,360,Предварительный лидер; официальный мандат не определён
Курганская область,Курганская область – Курганский,Ильтяков Александр Владимирович,dc8aaa8e-e97b-406c-9e28-aa2e2e273a78,150680,46.3397,Зырянов Виктор Леонидович,50569,100111,772,772,Предварительный лидер; официальный мандат не определён
Курская область,Курская область – Курский,Пискарев Василий Иванович,d3795461-5ca3-486b-95e3-91d4154a30e3,97428,43.9885,Канунникова Светлана Игоревна,35465,61963,419,419,Предварительный лидер; официальный мандат не определён
Курская область,Курская область – Сеймский,Золотарев Алексей Павлович,4b3072d9-1a38-4aaa-b083-a75605ee48cd,118406,53.7269,Бобовников Алексей Николаевич,28129,90277,465,465,Предварительный лидер; официальный мандат не определён
Ленинградская область,Ленинградская область – Волховский,Петров Сергей Валериевич,393c6337-a50b-4478-9a69-8098048d2723,187582,62.3679,Рихтиков Игорь Николаевич,22801,164781,350,350,Предварительный лидер; официальный мандат не определён
Ленинградская область,Ленинградская область – Всеволожский,Журова Светлана Сергеевна,5659d1ce-1557-4d39-9536-89e4e5505eda,177762,64.2048,Лебедев Андрей Ярославович,32588,145174,318,318,Предварительный лидер; официальный мандат не определён
Ленинградская область,Ленинградская область – Гатчинский,Яхнюк Сергей Васильевич,1779d083-5809-41d6-a7bf-5ff5b5362a95,154288,56.5549,Белоусов Никита Олегович,35348,118940,352,352,Предварительный лидер; официальный мандат не определён
Липецкая область,Липецкая область – Левобережный,Дьяконова Татьяна Ивановна,a2dc521a-7635-4e16-ad7b-80f0d900618c,96879,49.6864,Быковских Николай Иванович,30982,65897,442,442,Предварительный лидер; официальный мандат не определён
Липецкая область,Липецкая область – Липецкий,Курбатов Сергей Михайлович,e14dcbe9-4315-41d9-871a-4e4d7c6b6a6e,73105,40.6803,Токарев Сергей Владимирович,33273,39832,378,378,Предварительный лидер; официальный мандат не определён
Магаданская область,Магаданская область – Магаданский,Булычёв Богдан Юрьевич,2f042d35-d10c-4f99-8047-1d814e97f623,20200,52.3194,Гончаренко Сергей Александрович,7358,12842,93,93,Предварительный лидер; официальный мандат не определён
Московская область,Московская область – Балашихинский,Юров Сергей Геннадиевич,ae21cbeb-b521-473c-ade5-d0f2ff2735cd,108817,57.2128,Зверев Олег Михайлович,31104,77713,234,234,Предварительный лидер; официальный мандат не определён
Московская область,Московская область – Дмитровский,Кравченко Денис Борисович,ea76bfa8-00c6-490c-a77f-d0c458ae0a0e,106128,51.0609,Романов Александр Валентинович,29420,76708,345,345,Предварительный лидер; официальный мандат не определён
Московская область,Московская область – Коломенский,Чаплин Никита Юрьевич,949f4baf-e5b3-4011-adf2-4a5e6afbb2f3,118523,60.7334,Стрельцов Сергей Анатольевич,22309,96214,372,372,Предварительный лидер; официальный мандат не определён
Московская область,Московская область – Красногорский,Колунов Сергей Владимирович,ace1a0e9-0b11-4df4-9f89-5693e2a19cbc,165157,62.9952,Бородинов Егор Николаевич,33883,131274,412,412,Предварительный лидер; официальный мандат не определён
Московская область,Московская область – Люберецкий,Терюшков Роман Игоревич,f8723c33-f987-47a8-a20d-7cf8f066cc42,100871,47.6801,Бызов Василий Аркадьевич,37113,63758,294,294,Предварительный лидер; официальный мандат не определён
Московская область,Московская область – Мытищинский,Легков Александр Геннадьевич,b68d7435-4acc-400c-9b08-37dc05fb090c,113706,55.8381,Васильев Артем Николаевич,27332,86374,239,239,Предварительный лидер; официальный мандат не определён
Московская область,Московская область – Одинцовский,Майданов Денис Васильевич,a54133d0-7ca5-44b0-aea0-673627f9fe36,143716,60.1201,Чмаров Константин Васильевич,30680,113036,345,345,Предварительный лидер; официальный мандат не определён
Московская область,Московская область – Орехово-Зуевский,Панин Геннадий Олегович,94c03728-9703-405e-b056-c10aa140ae7c,111879,58.993,Фондаринов Владимир Евгеньевич,27656,84223,383,383,Предварительный лидер; официальный мандат не определён
Московская область,Московская область – Подольский,Фетисов Вячеслав Александрович,c76a1594-9f48-4b31-b1ca-a6ebbe2c3b90,118359,55.7902,Иванюженков Борис Викторович,41571,76788,325,325,Предварительный лидер; официальный мандат не определён
Московская область,Московская область – Сергиево-Посадский,Пахомов Сергей Александрович,d0282f00-9396-45c6-a5ab-9684f57be27d,108185,55.0372,Ахромкин Денис Александрович,29549,78636,329,329,Предварительный лидер; официальный мандат не определён
Московская область,Московская область – Серпуховский,Коган Александр Борисович,43e62275-268c-4950-acd5-05c402a966b7,117656,55.3605,Наумов Александр Анатольевич,36876,80780,361,361,Предварительный лидер; официальный мандат не определён
Московская область,Московская область – Щёлковский,Булгаков Андрей Алексеевич,9f6f6252-c248-4c17-b5bc-34634d442613,113709,60.4674,Пиксайкина Анна Владимировна,19337,94372,338,338,Предварительный лидер; официальный мандат не определён
Мурманская область,Мурманская область – Мурманский,Кусайко Татьяна Алексеевна,d91d1fc4-4655-4222-99af-dda2ddd5a6e8,72942,37.1087,Белов Максим Андреевич,28154,44788,555,555,Предварительный лидер; официальный мандат не определён
Ненецкий автономный округ,Ненецкий автономный округ – Ненецкий,Кисляков Михаил Леонидович,c29ebf45-1323-4455-8ead-73dfa8137799,3790,37.6253,Райн Михаил Викторович,3501,289,59,59,Предварительный лидер; официальный мандат не определён
Нижегородская область,Нижегородская область – Автозаводский,Грачёв Дмитрий Александрович,e4084130-92c9-4e8d-a783-2373c30471dd,171723,58.2841,Рыхтик Михаил Иванович,42688,129035,420,420,Предварительный лидер; официальный мандат не определён
Нижегородская область,Нижегородская область – Борский,Кавинов Артем Александрович,18d73c31-38a8-4a9e-a85f-b80ab8dd7f57,178624,60.9782,Кабешев Роман Владимирович,36299,142325,522,522,Предварительный лидер; официальный мандат не определён
Нижегородская область,Нижегородская область – Канавинский,Гаревская Юлия Анатольевна,4545b92c-aebe-4962-92cf-e1265b763c52,124066,53.6971,Терентьев Александр Георгиевич,36445,87621,311,311,Предварительный лидер; официальный мандат не определён
Нижегородская область,Нижегородская область – Нижегородский,Станкевич Юрий Аркадьевич,f508eea4-d609-47b5-ab4c-1ef04718c8b5,141021,57.0709,Запоев Алексей Геннадьевич,32822,108199,634,634,Предварительный лидер; официальный мандат не определён
Нижегородская область,Нижегородская область – Приокский,Костин Евгений Николаевич,1ad66952-e72a-42b4-8d91-bb7a3b3366a2,151188,56.8137,Кирица Олег Сергеевич,34379,116809,424,424,Предварительный лидер; официальный мандат не определён
Новгородская область,Новгородская область – Новгородский,Кирьянов Артем Юрьевич,e5ac6af0-1f6e-4dd9-80d6-183fa0081d6d,46120,31.3319,Ефимова Ольга Анатольевна,28242,17878,521,521,Предварительный лидер; официальный мандат не определён
Новосибирская область,Новосибирская область – Барабинский,Игнатов Виктор Александрович,06441464-9f3c-4b39-836b-7c2caeef77b6,70327,41.659,Яковлев Роман Борисович,37776,32551,422,422,Предварительный лидер; официальный мандат не определён
Новосибирская область,Новосибирская область – Искитимский,Аксёненко Александр Сергеевич,c4c126bd-4fac-41c5-bdb9-760ec19a9224,91735,47.491,Черепанов Глеб Константинович,29911,61824,445,445,Предварительный лидер; официальный мандат не определён
Новосибирская область,Новосибирская область – Новосибирский,Иванинский Олег Иванович,fa0bbb46-00c3-4ff1-a301-fa67af9995d4,63537,36.0663,Жирнов Андрей Геннадьевич,43950,19587,497,497,Предварительный лидер; официальный мандат не определён
Новосибирская область,Новосибирская область – Центральный,Савельев Дмитрий Иванович,ad83b6b4-6a8f-49ed-82f3-71d7ac25094f,93476,47.772,Сулейманов Ренат Исмаилович,26473,67003,402,402,Предварительный лидер; официальный мандат не определён
Омская область,Омская область – Любинский,Антропенко Игорь Александрович,4fe500f4-4970-456f-9785-23d5f05377ee,99321,47.0332,Воронов Антон Олегович,34603,64718,726,726,Предварительный лидер; официальный мандат не определён
Омская область,Омская область – Москаленский,Смолин Олег Николаевич,311e8c5c-91f6-416b-be1b-29574ddb0e06,70996,34.2196,Бондаренко Андрей Сергеевич,70040,956,472,472,Предварительный лидер; официальный мандат не определён
Омская область,Омская область – Омский,Перминов Дмитрий Сергеевич,b0b70acd-7ba7-44f0-a4f7-887a08c0d495,59900,31.7467,Алехин Андрей Анатольевич,51971,7929,464,464,Предварительный лидер; официальный мандат не определён
Оренбургская область,Оренбургская область – Бугурусланский,Димов Олег Дмитриевич,544c48a3-75a8-4196-b0a9-7157952f99bd,173882,64.272,Шантелев Дмитрий Анатольевич,24973,148909,510,510,Предварительный лидер; официальный мандат не определён
Оренбургская область,Оренбургская область – Оренбургский,Аникеев Андрей Анатольевич,782d17b4-6690-4857-8b99-e775d23baa8e,190428,65.0042,Батурин Денис Дмитриевич,37120,153308,451,451,Предварительный лидер; официальный мандат не определён
Оренбургская область,Оренбургская область – Орский,Леонов Валерий Владимирович,4a0e481c-6729-437e-8512-a3ce8dd25291,143388,59.1901,Ращупкин Вячеслав Александрович,26381,117007,421,421,Предварительный лидер; официальный мандат не определён
Орловская область,Орловская область – Орловский,Бирюков Александр Петрович,f1335994-299a-492f-bfc5-06f0b018817a,130133,42.907,Дынкович Иван Сергеевич,53534,76599,672,672,Предварительный лидер; официальный мандат не определён
Пензенская область,Пензенская область – Лермонтовский,Руденский Игорь Николаевич,e28097fb-8206-4a3b-982a-8644abe70d26,187841,64.3648,Жданников Андрей Михайлович,41461,146380,471,471,Предварительный лидер; официальный мандат не определён
Пензенская область,Пензенская область – Пензенский,Каденков Дмитрий Михайлович,8601d91e-0b53-41f7-9876-466179042eaa,167980,58.5435,Шаляпин Олег Васильевич,41686,126294,474,474,Предварительный лидер; официальный мандат не определён
Пермский край,Пермский край – Кудымкарский,Калинский Олег Игоревич,98324fea-5e7c-4b6f-9d91-2e7fa94ff9b2,92174,48.7497,Постников Олег Сергеевич,20705,71469,505,505,Предварительный лидер; официальный мандат не определён
Пермский край,Пермский край – Кунгурский,Ивенских Ирина Валентиновна,67a3d502-ad1e-42e5-aca0-06c1c071577e,83192,44.7245,Баранова Анна Михайловна,23716,59476,430,430,Предварительный лидер; официальный мандат не определён
Пермский край,Пермский край – Пермский,Немкин Антон Игоревич,5b3d8cdc-9142-4a9c-a74f-93f65df3e590,93937,48.8403,Новокрещенов Дмитрий Владимирович,20116,73821,439,439,Предварительный лидер; официальный мандат не определён
Пермский край,Пермский край – Чусовской,Водянов Роман Михайлович,1631e56f-edbc-4193-a416-71ce68b7c2c1,79442,46.8693,Айтакова Ксения Алексеевна,28078,51364,404,404,Предварительный лидер; официальный мандат не определён
Приморский край,Приморский край – Арсеньевский,Тихонович Кирилл Владимирович,1ed1ae62-9933-4a79-9118-b517295aa2cc,156968,58.1047,Гнездилов Вячеслав Николаевич,33560,123408,556,556,Предварительный лидер; официальный мандат не определён
Приморский край,Приморский край – Артемовский,Букаев Геннадий Иванович,0ad0407d-cbb1-498d-b148-9029a2068ed7,182358,61.8177,Васильев Василий Александрович,32628,149730,394,394,Предварительный лидер; официальный мандат не определён
Приморский край,Приморский край – Владивостокский,Щербаков Александр Владимирович,bddaf5e9-ef08-40f6-b4e0-88c111f73b72,184908,60.9298,Андрейченко Андрей Валерьевич,38314,146594,526,526,Предварительный лидер; официальный мандат не определён
Псковская область,Псковская область – Псковский,Козловский Александр Николаевич,5d266083-a660-4f7a-bedc-27314e05c886,108985,54.6441,Михайлов Дмитрий Юрьевич,26276,82709,571,571,Предварительный лидер; официальный мандат не определён
Республика Адыгея (Адыгея),Республика Адыгея (Адыгея) – Адыгейский,Резник Владислав Матусович,33b27495-cd86-4b2a-aecc-7ece2b2fb548,179768,68.2118,Ситникова Марина Сергеевна,22350,157418,266,266,Предварительный лидер; официальный мандат не определён
Республика Алтай,Республика Алтай – Алтайский,Суразов Александр Германович,78fe281f-3fe4-4df2-b700-0b9cc12e9e65,19055,41.9021,Бакрасов Аржан Иванович,12626,6429,235,235,Предварительный лидер; официальный мандат не определён
Республика Башкортостан,Республика Башкортостан – Белорецкий,Аиткулова Эльвира Ринатовна,b10e117b-9cdc-457c-941e-74f603adb3ce,244229,62.7382,Сухарев Иван Константинович,49362,194867,379,379,Предварительный лидер; официальный мандат не определён
Республика Башкортостан,Республика Башкортостан – Благовещенский,Кидрасов Юлай Фаукатович,4faf61d3-8263-4102-aea7-0d635572421f,250479,63.6435,Шайнуров Артур Альбертович,43779,206700,741,741,Предварительный лидер; официальный мандат не определён
Республика Башкортостан,Республика Башкортостан – Нефтекамский,Журавлев Алексей Александрович,a1443fae-2c88-42ce-a82d-b8c0ced0c628,196842,54.3225,Гильмияров Тимур Римович,102386,94456,503,503,Предварительный лидер; официальный мандат не определён
Республика Башкортостан,Республика Башкортостан – Салаватский,Байгускаров Зариф Закирович,6cd69c24-9c4d-462b-8821-1c844a5a2f01,249225,70.8335,Камилов Тимур Умарджанович,29103,220122,612,612,Предварительный лидер; официальный мандат не определён
Республика Башкортостан,Республика Башкортостан – Стерлитамакский,Кульсарина Гульнур Галинуровна,83723362-54e3-4781-b02a-c2a186027eca,257867,66.4333,Казачков Михаил Юрьевич,33017,224850,545,545,Предварительный лидер; официальный мандат не определён
Республика Башкортостан,Республика Башкортостан – Уфимский,Чернавин Денис Юрьевич,fd4bb449-9279-4751-9a53-e5ed1e3c0790,253535,66.695,Ющенко Александр Андреевич,35553,217982,470,470,Предварительный лидер; официальный мандат не определён
Республика Бурятия,Республика Бурятия – Бурятский,Мункожаргалов Дашибал Цырендоржиевич,68ebb170-3489-4212-ae8e-ff7500d82c56,169234,52.02,Цыренов Баир Цыденович,87490,81744,833,833,Предварительный лидер; официальный мандат не определён
Республика Дагестан,Республика Дагестан – Буйнакский,Нурбагандов Нурбаганд Магомедович,19d69ade-ab1f-46fc-99e2-b1082c55bc19,437314,82.8093,Магомедов Магомед Ибрагимович,31818,405496,658,658,Предварительный лидер; официальный мандат не определён
Республика Дагестан,Республика Дагестан – Дербентский,Абакаров Хизри Магомедович,3857256b-43be-462e-819e-0f17749517a4,486261,90.0003,Махмудов Махмуд Гаджулаевич,26780,459481,654,654,Предварительный лидер; официальный мандат не определён
Республика Дагестан,Республика Дагестан – Махачкалинский,Валихов Магомед Алиевич,0f886efd-cc13-46c0-a12d-bb81b6c4ef55,429630,82.5607,Пайзулаев Мурат Магомедович,24390,405240,414,414,Предварительный лидер; официальный мандат не определён
Республика Ингушетия,Республика Ингушетия – Ингушский,Татриев Муслим Барисович,43526eda-aef0-40f8-aac9-0fdcb6fe22c5,185670,82.6806,Кодзоев Хамзат Туганович,24629,161041,143,143,Предварительный лидер; официальный мандат не определён
Республика Калмыкия,Республика Калмыкия – Калмыцкий,Богатов Михаил Александрович,c5b753b2-23dd-419f-8a7d-0ccaf4a5843d,58913,58.4147,Бембеева Мигмир Гаряевна,16530,42383,225,225,Предварительный лидер; официальный мандат не определён
Республика Карелия,Республика Карелия – Карельский,Пивненко Валентина Николаевна,0ce06874-d648-4c68-bf58-766d5b65309f,45337,26.1158,Изюмов Ройне Лауревич,33630,11707,473,473,Предварительный лидер; официальный мандат не определён
Республика Коми,Республика Коми – Сыктывкарский,Кочев Станислав Вадимович,683b1c2b-276e-4d5f-9603-20461cd752cc,102271,44.5022,Михайлов Олег Алексеевич,58548,43723,581,581,Предварительный лидер; официальный мандат не определён
Республика Крым,Республика Крым – Евпаторийский,Бабашов Леонид Иванович,69197830-2e80-4002-821d-c08edf877463,149680,67.0865,Боровских Андрей Владимирович,17538,132142,459,459,Предварительный лидер; официальный мандат не определён
Республика Крым,Республика Крым – Керченский,Павленко Янина Петровна,f7f60048-5692-4982-b9bb-47131ee3ff30,114239,60.2644,Павличенко Иван Петрович,19599,94640,359,359,Предварительный лидер; официальный мандат не определён
Республика Крым,Республика Крым – Симферопольский,Нестеренко Юрий Юрьевич,261f8a33-9315-4039-8b7b-d1214d9b35f2,124735,58.3362,Коваленко Геннадий Владимирович,23201,101534,310,310,Предварительный лидер; официальный мандат не определён
Республика Марий Эл,Республика Марий Эл – Марийский,Казанков Сергей Иванович,7c2e90c1-14c4-41eb-be05-2842b0b4aca5,105683,59.8937,Козлова Наталья Николаевна,32232,73451,495,495,Предварительный лидер; официальный мандат не определён
Республика Мордовия,Республика Мордовия – Мордовский,Кидяев Виктор Борисович,84b30c71-930a-4016-aa06-c736ba117bc0,281032,69.0286,Кузякин Дмитрий Викторович,38292,242740,685,685,Предварительный лидер; официальный мандат не определён
Республика Саха (Якутия),Республика Саха (Якутия) – Якутский,Шамаев Петр Виталиевич,1f486892-d0f8-4cda-bf8a-bc0b20b4c2b9,117680,38.2718,Тумусов Федот Семёнович,53611,64069,799,799,Предварительный лидер; официальный мандат не определён
Республика Северная Осетия - Алания,Республика Северная Осетия – Алания – Северо-Осетинский,Таймазов Артур Борисович,1d31e7e0-f9ea-43ef-ba3b-3553981bf61b,337248,77.5258,Бестаев Сослан Вигентиевич,26095,311153,334,334,Предварительный лидер; официальный мандат не определён
Республика Татарстан (Татарстан),Республика Татарстан (Татарстан) – Альметьевский,Шайдуллин Марсель Зуфарович,0c0d59c5-d19a-425c-abf6-e050f930f928,236855,64.9021,Ахметвалиев Рамиль Рахимзянович,46524,190331,503,503,Предварительный лидер; официальный мандат не определён
Республика Татарстан (Татарстан),Республика Татарстан (Татарстан) – Московский,Юсупов Руслан Рафаилевич,734a7687-a433-4eae-999b-6a9b555add8d,210615,52.2829,Комисаров Александр Владимирович,74647,135968,612,612,Предварительный лидер; официальный мандат не определён
Республика Татарстан (Татарстан),Республика Татарстан (Татарстан) – Набережно-Челнинский,Когогина Альфия Гумаровна,1690f002-0ddb-4ac3-aea1-b520dc1ea154,297481,77.4424,Гарифуллин Мансур Зайдуллович,29428,268053,384,384,Предварительный лидер; официальный мандат не определён
Республика Татарстан (Татарстан),Республика Татарстан (Татарстан) – Нижнекамский,Морозов Олег Викторович,f8b045b1-e9d8-4707-bbbf-875022eab98b,253609,69.9588,Сперанский Максим Владимирович,39395,214214,517,517,Предварительный лидер; официальный мандат не определён
Республика Татарстан (Татарстан),Республика Татарстан (Татарстан) – Приволжский,Вольфсон Илья Светославович,e6cb9c74-b08a-457f-a388-73416815d202,253294,68.0419,Сафин Фадбир Магусович,43718,209576,493,493,Предварительный лидер; официальный мандат не определён
Республика Татарстан (Татарстан),Республика Татарстан (Татарстан) – Центральный,Нуриев Марат Абдулхаевич,151c0c08-1f84-4b30-a870-6131d8d87ee6,186032,60.4076,Халимдарова Динара Львовна,43852,142180,233,233,Предварительный лидер; официальный мандат не определён
Республика Тыва,Республика Тыва – Тывинский,Куулар Буян Федорович,e4f2d314-87de-4a4d-8c3f-b7bbf6cd3291,133019,77.9589,Иргит Артыш Васильевич,12435,120584,187,187,Предварительный лидер; официальный мандат не определён
Республика Хакасия,Республика Хакасия – Хакасский,Штыгашев Александр Александрович,0e6e9790-bcad-4c77-8c00-06559cfa87a9,67432,42.217,Старостин Валерий Николаевич,37361,30071,372,372,Предварительный лидер; официальный мандат не определён
Ростовская область,Ростовская область – Батайский,Рожков Сергей Владимирович,2a04d714-944f-4c1a-bb1a-5428f28aab40,174889,59.8683,Дедович Александр Дмитриевич,40784,134105,452,452,Предварительный лидер; официальный мандат не определён
Ростовская область,Ростовская область – Белокалитвинский,Хуаде Аслан Гарунович,fc1a3b17-c821-4b55-9934-ec8547e8a1f4,180591,59.17,Абакумов Виталий Анатольевич,49989,130602,625,625,Предварительный лидер; официальный мандат не определён
Ростовская область,Ростовская область – Неклиновский,Величко Артем Николаевич,22227782-863a-435b-a921-cf81f10133e5,162828,58.0925,Шаповалов Сергей Александрович,41023,121805,415,415,Предварительный лидер; официальный мандат не определён
Ростовская область,Ростовская область – Новочеркасский,Медведев Сергей Николаевич,0d2cc495-121c-41f8-8f55-b23327d45ef6,199601,64.1402,Бессонов Евгений Иванович,48300,151301,282,282,Предварительный лидер; официальный мандат не определён
Ростовская область,Ростовская область – Ростовский,Сизякин Дмитрий Владимирович,d5e1fd78-3175-43b2-baec-a00cd99d245c,174026,58.1715,Чухлебов Александр Александрович,43810,130216,249,249,Предварительный лидер; официальный мандат не определён
Ростовская область,Ростовская область – Усть-Донецкий,Стенякина Екатерина Петровна,d9e353b6-9c73-40e4-950c-7e3756cfcbc2,180555,57.7427,Мисан Алексей Владимирович,61354,119201,484,484,Предварительный лидер; официальный мандат не определён
Рязанская область,Рязанская область – Рязанский,Красов Андрей Леонидович,59e32762-648f-434e-8980-f1766137ca47,137593,57.6463,Якунин Владимир Васильевич,31874,105719,499,499,Предварительный лидер; официальный мандат не определён
Рязанская область,Рязанская область – Скопинский,Пепеляева Лиана Витальевна,9c2d5018-2420-4079-bda0-16fe01a1e3b5,136007,59.3751,Морозов Евгений Николаевич,33499,102508,461,461,Предварительный лидер; официальный мандат не определён
Самарская область,Самарская область – Жигулевский,Трифонов Андрей Федорович,5d1274ca-e848-4b8a-808d-566db0912f7f,196014,68.0677,Усов Михаил Викторович,38776,157238,402,402,Предварительный лидер; официальный мандат не определён
Самарская область,Самарская область – Красноглинский,Портнягин Денис Олегович,edd4736f-7d54-4043-999e-8935e5952504,196100,70.5512,Боброва Наталья Алексеевна,36742,159358,448,448,Предварительный лидер; официальный мандат не определён
Самарская область,Самарская область – Промышленный,Живайкин Александр Иванович,5abbb86c-af7c-4662-b2dc-63031dd53039,92006,43.4932,Матвеев Михаил Николаевич,67239,24767,346,346,Предварительный лидер; официальный мандат не определён
Самарская область,Самарская область – Самарский,Фетисов Александр Борисович,68bb59e6-2def-4a95-bedd-afa1649ee5ea,151948,58.0495,Лескин Алексей Владимирович,42448,109500,345,345,Предварительный лидер; официальный мандат не определён
Самарская область,Самарская область – Тольяттинский,Калашников Леонид Иванович,b899d329-f447-4622-8912-44e781716ebd,78212,40.6062,Сакеев Олег Евгеньевич,43915,34297,205,205,Предварительный лидер; официальный мандат не определён
Саратовская область,Саратовская область – Балаковский,Галяшкина Антонина Алексеевна,942c14c4-2fb2-4675-8c1d-e1e05c86bb2d,180712,57.7192,Анидалов Александр Юрьевич,66646,114066,464,464,Предварительный лидер; официальный мандат не определён
Саратовская область,Саратовская область – Балашовский,Панков Николай Васильевич,e70166d2-9a18-46c7-b557-37a34ce97ba6,184230,65.5777,Есипов Владимир Евгеньевич,52584,131646,468,468,Предварительный лидер; официальный мандат не определён
Саратовская область,Саратовская область – Саратовский,Володин Вячеслав Викторович,bceb5bf6-7659-4111-b284-bbc48b4c3dd8,241615,83.1369,Буланов Денис Анатольевич,30243,211372,321,321,Предварительный лидер; официальный мандат не определён
Саратовская область,Саратовская область – Энгельсский,Янклович Александр Юрьевич,b51dcdbc-ded8-42c5-a7c7-850434d7fd36,161891,53.7456,Алимова Ольга Николаевна,80457,81434,394,394,Предварительный лидер; официальный мандат не определён
Сахалинская область,Сахалинская область – Сахалинский,Карлов Георгий Александрович,8e184ff4-c57d-4474-b850-c58aa82c5f09,95228,56.5581,Ашихмин Павел Георгиевич,23036,72192,425,425,Предварительный лидер; официальный мандат не определён
Свердловская область,Свердловская область – Асбестовский,Рябцева Жанна Анатольевна,2382eaba-5a88-455b-9901-6c98424af285,77469,42.6815,Шабанов Евгений Михайлович,46407,31062,432,432,Предварительный лидер; официальный мандат не определён
Свердловская область,Свердловская область – Березовский,Смирнов Владимир Викторович,2475121e-c139-4e46-8f1f-9f7a85821ab4,47569,31.4325,Пиняжин Андрей Александрович,28187,19382,265,265,Предварительный лидер; официальный мандат не определён
Свердловская область,Свердловская область – Каменск-Уральский,Ковпак Лев Игоревич,81887b9f-fa42-4c88-a740-ddf92e6f1b12,53267,34.4193,Гордеев Олег Сергеевич,39103,14164,263,263,Предварительный лидер; официальный мандат не определён
Свердловская область,Свердловская область – Нижнетагильский,Свалов Алексей Германович,4cc4288f-e2c6-43b6-acd1-eec00425b54c,74568,42.0004,Бояркин Михаил Валентинович,42968,31600,320,320,Предварительный лидер; официальный мандат не определён
Свердловская область,Свердловская область – Первоуральский,Муцоев Зелимхан Аликоевич,b0a048a7-9cdd-4ede-ab29-f5c59e369b21,66264,38.5133,Баженов Андрей Владимирович,40738,25526,377,377,Предварительный лидер; официальный мандат не определён
Свердловская область,Свердловская область – Свердловский,Альшевских Андрей Геннадьевич,3b5791b8-140c-41c6-b95a-684ca099a764,41742,32.155,Демин Александр Вячеславович,34816,6926,195,195,Предварительный лидер; официальный мандат не определён
Свердловская область,Свердловская область – Серовский,Бидонько Сергей Юрьевич,7b1e816a-d17e-4b4c-b597-9d459757086e,99196,52.2469,Чудов Игорь Владимирович,31634,67562,420,420,Предварительный лидер; официальный мандат не определён
Смоленская область,Смоленская область – Смоленский,Бабаков Александр Михайлович,56e05f7e-290a-472a-8931-c4a3c19e57f2,182858,56.7186,Якимов Сергей Сергеевич,48804,134054,632,632,Предварительный лидер; официальный мандат не определён
Ставропольский край,Ставропольский край – Георгиевский,Бондаренко Елена Вениаминовна,5d8d93e5-c672-44a9-826d-46b55f745e06,208258,63.8611,Лозовой Виктор Иванович,47317,160941,327,327,Предварительный лидер; официальный мандат не определён
Ставропольский край,Ставропольский край – Кавминводский,Дроздов Илья Юрьевич,6ae2a5ac-e645-44a4-baa3-4fe05840dbe7,205084,52.1648,Сердюков Андрей Иванович,62574,142510,307,307,Предварительный лидер; официальный мандат не определён
Ставропольский край,Ставропольский край – Невинномысский,Шуваев Дмитрий Иванович,b42a4214-77be-4b63-be11-2ef9e2ba3672,269220,69.0878,Кондратов Роман Викторович,48537,220683,326,326,Предварительный лидер; официальный мандат не определён
Ставропольский край,Ставропольский край – Ставропольский,Казакова Ольга Михайловна,be3f3ea3-97dd-4f96-af7e-076d322b1022,244775,60.9618,Гончаров Виктор Иванович,63765,181010,342,342,Предварительный лидер; официальный мандат не определён
Тамбовская область,Тамбовская область – Тамбовский,Фролова Тамара Ивановна,5c3c55d8-dc9d-4e62-9d52-7152640ea051,295658,65.7377,Жидков Андрей Игоревич,62288,233370,809,809,Предварительный лидер; официальный мандат не определён
Тверская область,Тверская область – Заволжский,Васильев Владимир Абдуалиевич,3ff15de5-3f29-4f48-88c0-4378f761e4be,104122,46.3395,Королев Павел Владимирович,40637,63485,594,594,Предварительный лидер; официальный мандат не определён
Тверская область,Тверская область – Тверской,Аршинова Алёна Игоревна,c7361ae8-6de2-4045-9db1-69575511cd54,98472,47.2095,Лебедев Олег Александрович,29759,68713,498,498,Предварительный лидер; официальный мандат не определён
Томская область,Томская область – Томский,Леонтьев Илья Алексеевич,de64ad97-bc4c-4316-9822-f7bdf62e38be,70520,30.8874,Немцева Галина Григорьевна,48445,22075,728,728,Предварительный лидер; официальный мандат не определён
Тульская область,Тульская область – Новомосковский,Школкина Надежда Васильевна,ee70621b-d39a-4eea-801b-5cbd39090d3c,120890,43.4494,Исаков Владимир Павлович,41062,79828,453,453,Предварительный лидер; официальный мандат не определён
Тульская область,Тульская область – Тульский,Бровко Юрий Игоревич,c3ec59e2-7d2c-4996-86d1-e67441bb288f,176979,63.2495,Косарева Татьяна Геннадьевна,33253,143726,600,600,Предварительный лидер; официальный мандат не определён
Тюменская область,Тюменская область – Заводоуковский,Квитка Иван Иванович,1a7ec4e8-e375-452c-8cb0-a88eeedb4588,242790,59.9122,Левченко Иван Григорьевич,51424,191366,548,548,Предварительный лидер; официальный мандат не определён
Тюменская область,Тюменская область – Тюменский,Брыкин Николай Гаврилович,bc9a2787-7b50-4dea-a77d-3f101116b5f5,208866,56.271,Казанцева Тамара Николаевна,53854,155012,522,522,Предварительный лидер; официальный мандат не определён
Удмуртская Республика,Удмуртская Республика – Ижевский,Гарин Олег Владимирович,26214d6c-2c3c-4206-9d06-d74bbff4b64c,105016,43.9091,Балахонцев Юрий Анатольевич,49823,55193,576,576,Предварительный лидер; официальный мандат не определён
Удмуртская Республика,Удмуртская Республика – Удмуртский,Исаев Андрей Константинович,49cd5010-e10b-47c1-874c-d2ddf4310e15,96286,46.0073,Гвоздак Иван Михайлович,35646,60640,531,531,Предварительный лидер; официальный мандат не определён
Ульяновская область,Ульяновская область – Радищевский,Кононов Владимир Михайлович,25cf0baa-87e9-48fb-ae5a-3fad3aa77cee,202811,63.1586,Маринин Сергей Владимирович,23306,179505,538,538,Предварительный лидер; официальный мандат не определён
Ульяновская область,Ульяновская область – Ульяновский,Камеко Владимир Николаевич,80c1e6d1-aa06-444e-ab0e-4970935eba5d,143446,49.6279,Шилов Антон Андреевич,41685,101761,371,371,Предварительный лидер; официальный мандат не определён
Хабаровский край,Хабаровский край – Комсомольский,Иванов Максим Евгеньевич,60d030f2-8e91-4bf7-81f0-945483df19bd,84393,46.0462,Батю Руслан Константинович,24428,59965,340,340,Предварительный лидер; официальный мандат не определён
Хабаровский край,Хабаровский край – Хабаровский,Кравчук Сергей Анатольевич,07077d96-9a0b-4ebc-b6db-a100ba60f623,88918,48.108,Мовчан Олег Викторович,25959,62959,429,429,Предварительный лидер; официальный мандат не определён
Ханты-Мансийский автономный округ - Югра,Ханты-Мансийский автономный округ – Югра – Нижневартовский,Аксёнов Дмитрий Александрович,74fd0019-6cda-407b-b335-739b170d4f6b,159165,49.0912,Сысун Виктор Богданович,45262,113903,339,339,Предварительный лидер; официальный мандат не определён
Ханты-Мансийский автономный округ - Югра,Ханты-Мансийский автономный округ – Югра – Ханты-Мансийский,Завальный Павел Николаевич,e497a5cc-cab1-4e75-ac55-a50a05cf78a1,193694,56.8783,Екимов Андрей Анатольевич,43954,149740,389,389,Предварительный лидер; официальный мандат не определён
Челябинская область,Челябинская область – Златоустовский,Ковалёв Антон Иванович,caae33f3-2286-444f-88a1-4713a9572e8a,115926,46.589,Шилов Валентин Сергеевич,29056,86870,471,471,Предварительный лидер; официальный мандат не определён
Челябинская область,Челябинская область – Коркинский,Гартунг Валерий Карлович,92557d7e-955d-4c64-a7ee-e0c85f1aea50,109838,50.5056,Рыжий Антон Петрович,52539,57299,384,384,Предварительный лидер; официальный мандат не определён
Челябинская область,Челябинская область – Магнитогорский,Дремов Владимир Владимирович,8e32e50b-4106-48e2-9e6d-76aca94a1fa1,138913,50.7901,Сисина Екатерина Анатольевна,38104,100809,551,551,Предварительный лидер; официальный мандат не определён
Челябинская область,Челябинская область – Металлургический,Денисенко Алексей Владимирович,a2e4fa63-08d7-41af-ab09-30ca2f156ae1,100495,43.0841,Бабкин Егор Васильевич,37209,63286,411,411,Предварительный лидер; официальный мандат не определён
Челябинская область,Челябинская область – Челябинский,Илле Евгений Георгиевич,152d6c54-2518-4409-9eb0-5106cf6d5943,107919,48.0541,Гулин Максим Алексеевич,32297,75622,384,384,Предварительный лидер; официальный мандат не определён
Чеченская Республика,Чеченская Республика – Чеченский,Делимханов Адам Султанович,8ebab2f5-45b9-4dba-8d6d-a615716a3684,791829,95.2553,Умаров Джамбулат Вахидович,24167,767662,541,541,Предварительный лидер; официальный мандат не определён
Чувашская Республика - Чувашия,Чувашская Республика – Чувашия – Канашский,Аксаков Анатолий Геннадьевич,a88522c3-d8a7-42bd-b47e-4381dd2addb6,91167,47.79,Андреев Александр Михайлович,29182,61985,442,442,Предварительный лидер; официальный мандат не определён
Чувашская Республика - Чувашия,Чувашская Республика – Чувашия – Чебоксарский,Салаева Алла Леонидовна,5e4e4e77-fab8-4070-8c9d-0a8f9abc3521,91203,49.9051,Филиппов Александр Владимирович,33016,58187,448,448,Предварительный лидер; официальный мандат не определён
Чукотский автономный округ,Чукотский автономный округ – Чукотский,Дудоров Александр Николаевич,d453111e-13ec-4254-8fd9-980f6d56f4da,9279,59.8954,Гальцов Владимир Анатольевич,2166,7113,54,54,Предварительный лидер; официальный мандат не определён
Ямало-Ненецкий автономный округ,Ямало-Ненецкий автономный округ – Ямало-Ненецкий,Погорелый Дмитрий Викторович,255cf622-0887-4780-9639-13955d8131b2,140411,57.3715,Садовников Денис Владимирович,41001,99410,221,221,Предварительный лидер; официальный мандат не определён
Ярославская область,Ярославская область – Ростовский,Молчанов Артём Владимирович,621875db-ae85-442f-8849-14e92a7c62e4,52980,32.1282,Грешневиков Анатолий Николаевич,41192,11788,441,441,Предварительный лидер; официальный мандат не определён
Ярославская область,Ярославская область – Ярославский,Лисицын Анатолий Иванович,14f94781-d017-49fe-9564-95794fdd3a6a,49171,32.1012,Кузнецова Елена Дмитриевна,32647,16524,399,399,Предварительный лидер; официальный мандат не определён
город Москва,Город Москва – Бабушкинский,Гусев Владислав Андреевич,7d4d86fe-4d23-4682-8c0e-fb7af2b1c801,37860,59.4181,Федоров Георгий Владимирович,9579,28281,86,86,Предварительный лидер; официальный мандат не определён
город Москва,Город Москва – Кунцевский,Попов Евгений Георгиевич,92091dde-328b-48cf-9701-00db8a3fb814,31538,57.7059,Евтеев Андрей Алексеевич,10142,21396,78,78,Предварительный лидер; официальный мандат не определён
город Москва,Город Москва – Ленинградский,Шарипов Эльдар Мударисович,38905437-b723-467e-bba0-33b47a3a1908,23945,41.7378,Гришин Григорий Александрович,12671,11274,90,90,Предварительный лидер; официальный мандат не определён
город Москва,Город Москва – Люблинский,Толстой Петр Олегович,e22835a7-c250-4c20-b81b-9e152bc6aaff,34749,67.1128,Снеговский Артём Юрьевич,7423,27326,91,91,Предварительный лидер; официальный мандат не определён
город Москва,Город Москва – Медведковский,Шелковой Александр Владимирович,d45a8abd-6df5-4bca-822d-767d80514e0f,20700,45.8391,Лермант Полина Валерьевна,8982,11718,68,68,Предварительный лидер; официальный мандат не определён
город Москва,Город Москва – Нагатинский,Разворотнева Светлана Викторовна,e2426c2b-fe8e-4283-840f-040ee7b1b4a9,34997,59.3572,Чунихин Герман Альбертович,7669,27328,91,91,Предварительный лидер; официальный мандат не определён
город Москва,Город Москва – Новомосковский,Саблин Дмитрий Вадимович,b442dedc-e3cb-46ee-8abb-df8cda4092ef,27053,57.2465,Ковалев Семен Юрьевич,7535,19518,94,94,Предварительный лидер; официальный мандат не определён
город Москва,Город Москва – Орехово-Борисовский,Нифантьев Евгений Олегович,d301040b-7cfa-4ede-ac94-ea9282fe4341,25066,49.9104,Воробьёв Леонид Дмитриевич,9830,15236,68,68,Предварительный лидер; официальный мандат не определён
город Москва,Город Москва – Перовский,Шонов Эдуард Олегович,e620a2f0-32f0-4068-a01e-af8a2225e3c6,30987,54.0088,Макаров Максим Владиславович,10222,20765,103,103,Предварительный лидер; официальный мандат не определён
город Москва,Город Москва – Преображенский,Третьяк Владислав Александрович,fb31d690-6b4f-4ad3-a813-fb1ad20aa5f5,27320,49.7215,Шатуновская-Бюрно Анна Геннадиевна,11323,15997,105,105,Предварительный лидер; официальный мандат не определён
город Москва,Город Москва – Солнцевский,Андриенко Евгений Витальевич,cf4f27f4-0c4e-4354-9e4d-21c65a77e0f1,31046,54.8933,Рамазанова Марижат Курбановна,8643,22403,85,85,Предварительный лидер; официальный мандат не определён
город Москва,Город Москва – Тушинский,Казымов Эдуард Иванович,e8a11b9f-6547-4c7a-8411-24cf1074bf24,19209,34.6846,Биктуганов Евгений Вячеславович,14349,4860,92,92,Предварительный лидер; официальный мандат не определён
город Москва,Город Москва – Ховринский,Асафов Александр Николаевич,45ec8278-b15f-4b77-a544-466895c0ac9a,19842,40.8003,Коган-Ясный Виктор Валентинович,10806,9036,85,85,Предварительный лидер; официальный мандат не определён
город Москва,Город Москва – Центральный,Леонов Олег Алексеевич,90b455d2-45de-4e7e-a33a-92bc85a29849,31443,41.22,Митрохин Сергей Сергеевич,16103,15340,114,114,Предварительный лидер; официальный мандат не определён
город Москва,Город Москва – Черемушкинский,Назаров Дмитрий Александрович,4a85f1a5-4de0-4755-a369-a37766fad712,27867,44.6108,Смирнов Алексей Олегович,14732,13135,107,107,Предварительный лидер; официальный мандат не определён
город Москва,Город Москва – Чертановский,Романенко Роман Юрьевич,d1da736c-3376-492d-9919-d73d447d1c06,24136,48.6407,Ганзя Вера Анатольевна,9694,14442,86,86,Предварительный лидер; официальный мандат не определён
город Санкт-Петербург,Город Санкт-Петербург – Восточный,Рахлин Михаил Анатольевич,16df72c4-8e40-4642-ab9e-4421eb689beb,162582,56.6895,Житкова Светлана Александровна,33756,128826,263,263,Предварительный лидер; официальный мандат не определён
город Санкт-Петербург,Город Санкт-Петербург – Западный,Тетердинко Александр Павлович,1638f880-142a-4dc0-833a-a06942f0b2dd,136554,56.2998,Денисов Геннадий Иванович,26596,109958,240,240,Предварительный лидер; официальный мандат не определён
город Санкт-Петербург,Город Санкт-Петербург – Северный,Иванова Ирина Владимировна,f37b05b4-25e1-4f38-80c1-19091002f3f5,124708,45.6405,Беликов Всеволод Федорович,71423,53285,285,285,Предварительный лидер; официальный мандат не определён
город Санкт-Петербург,Город Санкт-Петербург – Северо-Восточный,Кондратьева Екатерина Владиславовна,cc67adea-6c21-4554-a8ec-cb7fea1eb598,147980,52.5365,Панов Дмитрий Вячеславович,40243,107737,262,262,Предварительный лидер; официальный мандат не определён
город Санкт-Петербург,Город Санкт-Петербург – Северо-Западный,Цед Николай Григорьевич,cad66e14-0881-48e2-9814-6b6b4d352f74,155753,57.676,Пыхтеев Антон Сергеевич,31534,124219,243,243,Предварительный лидер; официальный мандат не определён
город Санкт-Петербург,Город Санкт-Петербург – Центральный,Амелин Александр Николаевич,702365ad-c6ec-40d7-9563-3399db4c6b6d,128746,53.9196,Куликов Юрий Николаевич,24415,104331,367,367,Предварительный лидер; официальный мандат не определён
город Санкт-Петербург,Город Санкт-Петербург – Юго-Восточный,Егорова Любовь Ивановна,4e0160ca-45d0-4362-a091-cfa4b0dfd5fa,124616,50.307,Дмитриева Оксана Генриховна,49464,75152,243,243,Предварительный лидер; официальный мандат не определён
город Санкт-Петербург,Город Санкт-Петербург – Южный,Милонов Виталий Валентинович,6e79d504-9a38-4fe9-b5bb-feca0270080f,142246,55.8213,Сутурина Екатерина Николаевна,28643,113603,249,249,Предварительный лидер; официальный мандат не определён
город Севастополь,Город Севастополь – Севастопольский,Лобач Татьяна Георгиевна,58ea4e6c-765f-48fb-851d-152515ad3be7,136676,62.1085,Браковенко Владимир Алексеевич,26686,109990,212,212,Предварительный лидер; официальный мандат не определён
