Федеральный округ,ИКСРФ,ОИК,ТИК,УИК,Номер УИК,ID УИК,Путь комиссий,ID протокола,Подписан,Дата подписания,Статус данных,Замечание,Источник,Строка 01,Строка 02,Строка 03,Строка 04,Строка 05,Строка 06,Строка 07,Строка 08,Строка 09,Строка 10,Строка 11,Строка 12,Строка 13,Строка 14,Строка 15,Строка 16,Строка 17,Строка 18,Строка 19,Строка 20,Строка 21,Строка 22
Вне подтверждённого перечня федеральных округов,Город Байконур (Республика Казахстан),,,УИК №8140,8140,6bd6a3b4-5345-404c-a6f8-1535427bc4ff,ЦИК России / Город Байконур (Республика Казахстан) / УИК №8140,32de73a7-bda1-4a34-b6eb-c43c0385b35c,False,,complete,,http://apps.cikrf.ru/service/ik-inp-service-pbcopy/reports/242?commissionClassifierId=6bd6a3b4-5345-404c-a6f8-1535427bc4ff&protocolNum=2,1864,1500,0,854,2,644,2,854,26,830,0,0,377,85,8,16,20,7,148,51,16,102
Вне подтверждённого перечня федеральных округов,Город Байконур (Республика Казахстан),,,УИК №8141,8141,d0c0ebca-41e1-41c9-93fb-e35af56c851c,ЦИК России / Город Байконур (Республика Казахстан) / УИК №8141,bdfbb7bd-11a5-44ae-a4f0-1f4f9e74a4e7,False,,complete,,http://apps.cikrf.ru/service/ik-inp-service-pbcopy/reports/242?commissionClassifierId=d0c0ebca-41e1-41c9-93fb-e35af56c851c&protocolNum=2,1820,1500,0,843,1,656,1,843,22,822,0,0,356,110,4,17,33,11,144,41,13,93
Вне подтверждённого перечня федеральных округов,Город Байконур (Республика Казахстан),,,УИК №8142,8142,ce509811-db76-40c0-95f7-d327414fc193,ЦИК России / Город Байконур (Республика Казахстан) / УИК №8142,4da96ccd-50b1-4fa0-bc40-04afbe62d3ff,False,,complete,,http://apps.cikrf.ru/service/ik-inp-service-pbcopy/reports/242?commissionClassifierId=ce509811-db76-40c0-95f7-d327414fc193&protocolNum=2,1954,1500,0,903,4,593,4,903,30,877,0,0,406,108,5,9,30,5,151,46,8,109
Вне подтверждённого перечня федеральных округов,Город Байконур (Республика Казахстан),,,УИК №8143,8143,846f0cd5-da85-4500-8689-a2981feeef8a,ЦИК России / Город Байконур (Республика Казахстан) / УИК №8143,933d195d-eaeb-464a-9ef2-611432eeb24d,False,,complete,,http://apps.cikrf.ru/service/ik-inp-service-pbcopy/reports/242?commissionClassifierId=846f0cd5-da85-4500-8689-a2981feeef8a&protocolNum=2,1357,1000,0,577,39,384,39,577,24,592,0,0,303,58,5,10,12,5,95,40,9,55
Вне подтверждённого перечня федеральных округов,Город Байконур (Республика Казахстан),,,УИК №8144,8144,864acf56-81ac-44cd-9818-22199e642245,ЦИК России / Город Байконур (Республика Казахстан) / УИК №8144,47193b40-4c5c-4712-9bad-9c11394f4162,False,,complete,,http://apps.cikrf.ru/service/ik-inp-service-pbcopy/reports/242?commissionClassifierId=864acf56-81ac-44cd-9818-22199e642245&protocolNum=2,1670,1500,0,746,2,752,2,746,18,730,0,0,370,63,6,12,27,10,127,29,10,76
Вне подтверждённого перечня федеральных округов,Город Байконур (Республика Казахстан),,,УИК №8145,8145,627c3317-8a9f-44bb-8b30-370cd28fcc8b,ЦИК России / Город Байконур (Республика Казахстан) / УИК №8145,8e75134b-21f3-4b27-8bf3-d50a9815f6de,False,,complete,,http://apps.cikrf.ru/service/ik-inp-service-pbcopy/reports/242?commissionClassifierId=627c3317-8a9f-44bb-8b30-370cd28fcc8b&protocolNum=2,1707,1500,0,766,3,731,3,766,20,749,0,0,342,100,4,8,24,11,135,31,15,79
Вне подтверждённого перечня федеральных округов,Город Байконур (Республика Казахстан),,,УИК №8146,8146,a6ca6fd6-2c9c-4fee-9450-aea2675fa065,ЦИК России / Город Байконур (Республика Казахстан) / УИК №8146,171b1b57-ed85-41d2-b742-20ba234ff2a0,False,,complete,,http://apps.cikrf.ru/service/ik-inp-service-pbcopy/reports/242?commissionClassifierId=a6ca6fd6-2c9c-4fee-9450-aea2675fa065&protocolNum=2,1774,1500,0,871,1,628,1,871,26,846,0,0,376,113,3,13,28,6,149,40,12,106
Вне подтверждённого перечня федеральных округов,Донецкая Народная Республика,Донецкая Народная Республика – Горловский,ТИК №10,УИК №1177,1177,6c4f61ac-20e7-41f5-843f-45dc0d70e4ec,ЦИК России / Донецкая Народная Республика / Донецкая Народная Республика – Горловский / ТИК №10 / УИК №1177,,,,missing,Партийный протокол не загружен,http://apps.cikrf.ru/service/ik-inp-service-pbcopy/reports/242?commissionClassifierId=6c4f61ac-20e7-41f5-843f-45dc0d70e4ec&protocolNum=2,,,,,,,,,,,,,,,,,,,,,,
Вне подтверждённого перечня федеральных округов,Донецкая Народная Республика,Донецкая Народная Республика – Горловский,ТИК №10,УИК №1178,1178,1eb8c62b-9f90-426d-9963-596911eb116f,ЦИК России / Донецкая Народная Республика / Донецкая Народная Республика – Горловский / ТИК №10 / УИК №1178,,,,missing,Партийный протокол не загружен,http://apps.cikrf.ru/service/ik-inp-service-pbcopy/reports/242?commissionClassifierId=1eb8c62b-9f90-426d-9963-596911eb116f&protocolNum=2,,,,,,,,,,,,,,,,,,,,,,
Вне подтверждённого перечня федеральных округов,Донецкая Народная Республика,Донецкая Народная Республика – Горловский,ТИК №10,УИК №1179,1179,baccabf4-ab39-4fc6-9eac-f577cfae1248,ЦИК России / Донецкая Народная Республика / Донецкая Народная Республика – Горловский / ТИК №10 / УИК №1179,,,,missing,Партийный протокол не загружен,http://apps.cikrf.ru/service/ik-inp-service-pbcopy/reports/242?commissionClassifierId=baccabf4-ab39-4fc6-9eac-f577cfae1248&protocolNum=2,,,,,,,,,,,,,,,,,,,,,,
Вне подтверждённого перечня федеральных округов,Донецкая Народная Республика,Донецкая Народная Республика – Горловский,ТИК №10,УИК №1180,1180,fa414c28-1cf3-4e10-bb21-6e1a934d8055,ЦИК России / Донецкая Народная Республика / Донецкая Народная Республика – Горловский / ТИК №10 / УИК №1180,,,,missing,Партийный протокол не загружен,http://apps.cikrf.ru/service/ik-inp-service-pbcopy/reports/242?commissionClassifierId=fa414c28-1cf3-4e10-bb21-6e1a934d8055&protocolNum=2,,,,,,,,,,,,,,,,,,,,,,
Вне подтверждённого перечня федеральных округов,Донецкая Народная Республика,Донецкая Народная Республика – Горловский,ТИК №10,УИК №1181,1181,65874c55-8cac-4f64-ab01-a8dcbad95b70,ЦИК России / Донецкая Народная Республика / Донецкая Народная Республика – Горловский / ТИК №10 / УИК №1181,,,,missing,Партийный протокол не загружен,http://apps.cikrf.ru/service/ik-inp-service-pbcopy/reports/242?commissionClassifierId=65874c55-8cac-4f64-ab01-a8dcbad95b70&protocolNum=2,,,,,,,,,,,,,,,,,,,,,,
Вне подтверждённого перечня федеральных округов,Донецкая Народная Республика,Донецкая Народная Республика – Горловский,ТИК №10,УИК №1182,1182,c00f42a5-a105-4b26-a144-724b405de2ff,ЦИК России / Донецкая Народная Республика / Донецкая Народная Республика – Горловский / ТИК №10 / УИК №1182,,,,missing,Партийный протокол не загружен,http://apps.cikrf.ru/service/ik-inp-service-pbcopy/reports/242?commissionClassifierId=c00f42a5-a105-4b26-a144-724b405de2ff&protocolNum=2,,,,,,,,,,,,,,,,,,,,,,
Вне подтверждённого перечня федеральных округов,Донецкая Народная Республика,Донецкая Народная Республика – Горловский,ТИК №10,УИК №1183,1183,dd37d2d1-2745-4a5a-a7e2-5ac9f46731f5,ЦИК России / Донецкая Народная Республика / Донецкая Народная Республика – Горловский / ТИК №10 / УИК №1183,,,,missing,Партийный протокол не загружен,http://apps.cikrf.ru/service/ik-inp-service-pbcopy/reports/242?commissionClassifierId=dd37d2d1-2745-4a5a-a7e2-5ac9f46731f5&protocolNum=2,,,,,,,,,,,,,,,,,,,,,,
Вне подтверждённого перечня федеральных округов,Донецкая Народная Республика,Донецкая Народная Республика – Горловский,ТИК №10,УИК №1184,1184,f5f04732-e391-457a-91d9-ed63e7c34d96,ЦИК России / Донецкая Народная Республика / Донецкая Народная Республика – Горловский / ТИК №10 / УИК №1184,,,,missing,Партийный протокол не загружен,http://apps.cikrf.ru/service/ik-inp-service-pbcopy/reports/242?commissionClassifierId=f5f04732-e391-457a-91d9-ed63e7c34d96&protocolNum=2,,,,,,,,,,,,,,,,,,,,,,
Вне подтверждённого перечня федеральных округов,Донецкая Народная Республика,Донецкая Народная Республика – Горловский,ТИК №10,УИК №1185,1185,7dde7dda-a7c9-4196-8040-7dc4a4a95ea7,ЦИК России / Донецкая Народная Республика / Донецкая Народная Республика – Горловский / ТИК №10 / УИК №1185,,,,missing,Партийный протокол не загружен,http://apps.cikrf.ru/service/ik-inp-service-pbcopy/reports/242?commissionClassifierId=7dde7dda-a7c9-4196-8040-7dc4a4a95ea7&protocolNum=2,,,,,,,,,,,,,,,,,,,,,,
Вне подтверждённого перечня федеральных округов,Донецкая Народная Республика,Донецкая Народная Республика – Горловский,ТИК №14,УИК №218,218,d961c410-7265-4ea7-973c-0d5a2ae138fd,ЦИК России / Донецкая Народная Республика / Донецкая Народная Республика – Горловский / ТИК №14 / УИК №218,,,,missing,Партийный протокол не загружен,http://apps.cikrf.ru/service/ik-inp-service-pbcopy/reports/242?commissionClassifierId=d961c410-7265-4ea7-973c-0d5a2ae138fd&protocolNum=2,,,,,,,,,,,,,,,,,,,,,,
Вне подтверждённого перечня федеральных округов,Донецкая Народная Республика,Донецкая Народная Республика – Горловский,ТИК №14,УИК №219,219,af2c3c98-511a-47c7-a280-9329c49b808d,ЦИК России / Донецкая Народная Республика / Донецкая Народная Республика – Горловский / ТИК №14 / УИК №219,,,,missing,Партийный протокол не загружен,http://apps.cikrf.ru/service/ik-inp-service-pbcopy/reports/242?commissionClassifierId=af2c3c98-511a-47c7-a280-9329c49b808d&protocolNum=2,,,,,,,,,,,,,,,,,,,,,,
Вне подтверждённого перечня федеральных округов,Донецкая Народная Республика,Донецкая Народная Республика – Горловский,ТИК №14,УИК №220,220,4886b983-47e7-4b07-ad79-20b142b10daf,ЦИК России / Донецкая Народная Республика / Донецкая Народная Республика – Горловский / ТИК №14 / УИК №220,,,,missing,Партийный протокол не загружен,http://apps.cikrf.ru/service/ik-inp-service-pbcopy/reports/242?commissionClassifierId=4886b983-47e7-4b07-ad79-20b142b10daf&protocolNum=2,,,,,,,,,,,,,,,,,,,,,,
Вне подтверждённого перечня федеральных округов,Донецкая Народная Республика,Донецкая Народная Республика – Горловский,ТИК №14,УИК №221,221,d3e266e4-ef5b-4986-806a-2a81c61de0a8,ЦИК России / Донецкая Народная Республика / Донецкая Народная Республика – Горловский / ТИК №14 / УИК №221,,,,missing,Партийный протокол не загружен,http://apps.cikrf.ru/service/ik-inp-service-pbcopy/reports/242?commissionClassifierId=d3e266e4-ef5b-4986-806a-2a81c61de0a8&protocolNum=2,,,,,,,,,,,,,,,,,,,,,,
